"user_id","gender","age","country","registered","country_name","register_date","register_month","register_day","horoscope","continent"
"user_000001","m",,"Japan","Aug 13, 2006","Japan","2006-08-13","8","13","Leo","Asia"
"user_000002","f",,"Peru","Feb 24, 2006","Peru","2006-02-24","2","24","Pisces","America"
"user_000003","m","22","United States","Oct 30, 2005","United States of America","2005-10-30","10","30","Scorpio","America"
"user_000004","f",,,"Apr 26, 2006",,"2006-04-26","4","26","Taurus",
"user_000005","m",,"Bulgaria","Jun 29, 2006","Bulgaria","2006-06-29","6","29","Cancer","Europe"
"user_000006",,"24","Russian Federation","May 18, 2006","Russia","2006-05-18","5","18","Taurus","Europe"
"user_000007","f",,"United States","Jan 22, 2006","United States of America","2006-01-22","1","22","Aquarius","America"
"user_000008","m","23","Slovakia","Sep 28, 2006","Slovakia","2006-09-28","9","28","Libra","Europe"
"user_000009","f","19","United States","Jan 13, 2007","United States of America","2007-01-13","1","13","Capricorn","America"
"user_000010","m","19","Poland","May 4, 2006","Poland","2006-05-04","5","4","Taurus","Europe"
"user_000011","m","21","Finland","Sep 8, 2005","Finland","2005-09-08","9","8","Virgo","Europe"
"user_000012","f","28","United States","Mar 30, 2005","United States of America","2005-03-30","3","30","Aries","America"
"user_000013","f","25","Romania","Sep 25, 2006","Romania","2006-09-25","9","25","Libra","Europe"
"user_000014",,,,"Jan 27, 2006",,"2006-01-27","1","27","Aquarius",
"user_000015",,"21","Cote D'Ivoire","Oct 3, 2006","Ivory Coast","2006-10-03","10","3","Libra","Africa"
"user_000016","m",,"United Kingdom","Aug 5, 2005","United Kingdom","2005-08-05","8","5","Leo","Europe"
"user_000017","m","22","Morocco","Aug 27, 2007","Morocco","2007-08-27","8","27","Virgo","Africa"
"user_000018",,"22","United Kingdom","Aug 26, 2005","United Kingdom","2005-08-26","8","26","Virgo","Europe"
"user_000019","f","29","Mexico","Nov 10, 2005","Mexico","2005-11-10","11","10","Scorpio","America"
"user_000020","f","27","Germany","Jul 24, 2006","Germany","2006-07-24","7","24","Leo","Europe"
"user_000021","m","27","Canada","Mar 16, 2005","Canada","2005-03-16","3","16","Pisces","America"
"user_000022","m","38","United Kingdom","May 14, 2006","United Kingdom","2006-05-14","5","14","Taurus","Europe"
"user_000023","f",,"Germany","Aug 15, 2006","Germany","2006-08-15","8","15","Leo","Europe"
"user_000024","f","25","United States","Oct 3, 2004","United States of America","2004-10-03","10","3","Libra","America"
"user_000025",,"19","Sweden","Nov 10, 2005","Sweden","2005-11-10","11","10","Scorpio","Europe"
"user_000026","m","22","Turkey","Dec 21, 2005","Turkey","2005-12-21","12","21","Sagittarius","Asia"
"user_000027","m","24","United States","Jul 25, 2005","United States of America","2005-07-25","7","25","Leo","America"
"user_000028","m","20","United Kingdom","Nov 19, 2005","United Kingdom","2005-11-19","11","19","Scorpio","Europe"
"user_000029","m",,"United States","Feb 13, 2006","United States of America","2006-02-13","2","13","Aquarius","America"
"user_000031",,"38","United States","Aug 3, 2006","United States of America","2006-08-03","8","3","Leo","America"
"user_000032","m","23","Italy","Feb 28, 2005","Italy","2005-02-28","2","28","Pisces","Europe"
"user_000033","f","20","Poland","Dec 23, 2005","Poland","2005-12-23","12","23","Capricorn","Europe"
"user_000034","f","35","Brazil","Sep 15, 2005","Brazil","2005-09-15","9","15","Virgo","America"
"user_000035","m","22","Australia","Mar 7, 2005","Australia","2005-03-07","3","7","Pisces","Australia and Oceania"
"user_000036","f","21","Mexico","Feb 19, 2007","Mexico","2007-02-19","2","19","Pisces","America"
"user_000037","m",,"United States","Aug 13, 2007","United States of America","2007-08-13","8","13","Leo","America"
"user_000038","m","29","Russian Federation","Jul 6, 2006","Russia","2006-07-06","7","6","Cancer","Europe"
"user_000039","m","21","United Kingdom","Jun 4, 2006","United Kingdom","2006-06-04","6","4","Gemini","Europe"
"user_000040","f","21","Germany","Apr 21, 2006","Germany","2006-04-21","4","21","Taurus","Europe"
"user_000041","m","30","Sweden","Jun 14, 2005","Sweden","2005-06-14","6","14","Gemini","Europe"
"user_000042","f","24","United States","Dec 29, 2005","United States of America","2005-12-29","12","29","Capricorn","America"
"user_000043","f","26","United States","Mar 18, 2006","United States of America","2006-03-18","3","18","Pisces","America"
"user_000044","f","21","Italy","Feb 27, 2007","Italy","2007-02-27","2","27","Pisces","Europe"
"user_000045","m","29","Chile","Jul 9, 2006","Chile","2006-07-09","7","9","Cancer","America"
"user_000046","m","24","Greece","Apr 23, 2007","Greece","2007-04-23","4","23","Taurus","Europe"
"user_000047","f","19","Croatia","Aug 26, 2006","Croatia","2006-08-26","8","26","Virgo","Europe"
"user_000048","m","33","Italy","Dec 29, 2006","Italy","2006-12-29","12","29","Capricorn","Europe"
"user_000049",,,,"Jan 11, 2006",,"2006-01-11","1","11","Capricorn",
"user_000050","f","24","United Kingdom","Feb 10, 2006","United Kingdom","2006-02-10","2","10","Aquarius","Europe"
"user_000051","f","25","Brazil","Aug 10, 2006","Brazil","2006-08-10","8","10","Leo","America"
"user_000052","m","20","Russian Federation","Oct 16, 2006","Russia","2006-10-16","10","16","Libra","Europe"
"user_000053","m","29","Germany","Nov 30, 2005","Germany","2005-11-30","11","30","Sagittarius","Europe"
"user_000054","m","28","Brazil","Nov 30, 2004","Brazil","2004-11-30","11","30","Sagittarius","America"
"user_000055","m","21","Serbia","Aug 6, 2006","Serbia","2006-08-06","8","6","Leo","Europe"
"user_000056","m","22","United States","Jan 15, 2006","United States of America","2006-01-15","1","15","Capricorn","America"
"user_000057","m","17","United Kingdom","Aug 27, 2006","United Kingdom","2006-08-27","8","27","Virgo","Europe"
"user_000058","f","24","Poland","Feb 28, 2006","Poland","2006-02-28","2","28","Pisces","Europe"
"user_000059","f","24","United States","Sep 9, 2005","United States of America","2005-09-09","9","9","Virgo","America"
"user_000060","f","22","United States","Oct 11, 2005","United States of America","2005-10-11","10","11","Libra","America"
"user_000061",,,,"Apr 29, 2007",,"2007-04-29","4","29","Taurus",
"user_000062",,"26","Turkey","Mar 11, 2005","Turkey","2005-03-11","3","11","Pisces","Asia"
"user_000063","f","22","Poland","Sep 25, 2005","Poland","2005-09-25","9","25","Libra","Europe"
"user_000064","m","21","Finland","Dec 19, 2005","Finland","2005-12-19","12","19","Sagittarius","Europe"
"user_000065","m","35","United States","Oct 23, 2005","United States of America","2005-10-23","10","23","Scorpio","America"
"user_000066","f","20","United States","May 9, 2006","United States of America","2006-05-09","5","9","Taurus","America"
"user_000067","m","36","Canada","Mar 8, 2005","Canada","2005-03-08","3","8","Pisces","America"
"user_000068",,,,"Oct 16, 2009",,"2009-10-16","10","16","Libra",
"user_000069","m","23","United States","Jul 13, 2005","United States of America","2005-07-13","7","13","Cancer","America"
"user_000070","f",,"Sweden","Dec 8, 2005","Sweden","2005-12-08","12","8","Sagittarius","Europe"
"user_000071","m","7","Netherlands","Dec 13, 2005","Netherlands","2005-12-13","12","13","Sagittarius","Europe"
"user_000072","f","25","Armenia","Nov 22, 2006","Armenia","2006-11-22","11","22","Sagittarius","Asia"
"user_000073","m","34","United Kingdom","May 31, 2007","United Kingdom","2007-05-31","5","31","Gemini","Europe"
"user_000074","m","35","Turkey","Jun 9, 2005","Turkey","2005-06-09","6","9","Gemini","Asia"
"user_000075","f","20","Romania","Jun 4, 2006","Romania","2006-06-04","6","4","Gemini","Europe"
"user_000076","m","38","Germany","Nov 26, 2005","Germany","2005-11-26","11","26","Sagittarius","Europe"
"user_000077",,,,"Apr 24, 2006",,"2006-04-24","4","24","Taurus",
"user_000078","f","27","Poland","Oct 10, 2005","Poland","2005-10-10","10","10","Libra","Europe"
"user_000079","f",,"United States","Apr 2, 2006","United States of America","2006-04-02","4","2","Aries","America"
"user_000080",,,,"Aug 28, 2006",,"2006-08-28","8","28","Virgo",
"user_000081","f","34","United States","Jul 18, 2006","United States of America","2006-07-18","7","18","Cancer","America"
"user_000082","f","20","Poland","Jan 29, 2006","Poland","2006-01-29","1","29","Aquarius","Europe"
"user_000083","f","19","Bulgaria","May 24, 2007","Bulgaria","2007-05-24","5","24","Gemini","Europe"
"user_000084","m","18","Venezuela","Dec 4, 2005","Venezuela","2005-12-04","12","4","Sagittarius","America"
"user_000085","f","18","Croatia","May 14, 2007","Croatia","2007-05-14","5","14","Taurus","Europe"
"user_000086","f","27",,"Sep 21, 2007",,"2007-09-21","9","21","Virgo",
"user_000087","f","18","Poland","Oct 5, 2006","Poland","2006-10-05","10","5","Libra","Europe"
"user_000088","m","25","Turkey","Mar 13, 2005","Turkey","2005-03-13","3","13","Pisces","Asia"
"user_000089","f","27","United States","Dec 25, 2005","United States of America","2005-12-25","12","25","Capricorn","America"
"user_000090","m","20","Sweden","Aug 20, 2005","Sweden","2005-08-20","8","20","Leo","Europe"
"user_000091","f","27","United Kingdom","Mar 18, 2007","United Kingdom","2007-03-18","3","18","Pisces","Europe"
"user_000092","m","30","Turkey","Nov 10, 2005","Turkey","2005-11-10","11","10","Scorpio","Asia"
"user_000093","m","20","United Kingdom","Dec 6, 2005","United Kingdom","2005-12-06","12","6","Sagittarius","Europe"
"user_000094","m","22","Poland","Mar 2, 2007","Poland","2007-03-02","3","2","Pisces","Europe"
"user_000095","f","4",,"Jan 27, 2006",,"2006-01-27","1","27","Aquarius",
"user_000096","f","25","Finland","Feb 20, 2006","Finland","2006-02-20","2","20","Pisces","Europe"
"user_000097","m",,"United Kingdom","Apr 6, 2005","United Kingdom","2005-04-06","4","6","Aries","Europe"
"user_000098","f",,"New Zealand","Feb 3, 2007","New Zealand","2007-02-03","2","3","Aquarius","Australia and Oceania"
"user_000099","f","22","Brazil","Jun 17, 2006","Brazil","2006-06-17","6","17","Gemini","America"
"user_000100","m","21","United Kingdom","Jun 4, 2007","United Kingdom","2007-06-04","6","4","Gemini","Europe"
"user_000101","m","29","United Kingdom","Oct 6, 2006","United Kingdom","2006-10-06","10","6","Libra","Europe"
"user_000102","m",,"United States","Dec 27, 2006","United States of America","2006-12-27","12","27","Capricorn","America"
"user_000103","m","34","United Kingdom","Feb 12, 2006","United Kingdom","2006-02-12","2","12","Aquarius","Europe"
"user_000104",,,"Norway","Apr 24, 2005","Norway","2005-04-24","4","24","Taurus","Europe"
"user_000105","m","23","Turkey","Mar 24, 2006","Turkey","2006-03-24","3","24","Aries","Asia"
"user_000106","f","31","New Zealand","Nov 22, 2006","New Zealand","2006-11-22","11","22","Sagittarius","Australia and Oceania"
"user_000107","m","15","Poland","Feb 1, 2006","Poland","2006-02-01","2","1","Aquarius","Europe"
"user_000108","m","23","Latvia","Feb 23, 2006","Latvia","2006-02-23","2","23","Pisces","Europe"
"user_000109","m","18","Canada","Mar 22, 2006","Canada","2006-03-22","3","22","Aries","America"
"user_000110","m","22","Poland","Apr 30, 2007","Poland","2007-04-30","4","30","Taurus","Europe"
"user_000111","f","22","Sweden","Feb 17, 2006","Sweden","2006-02-17","2","17","Aquarius","Europe"
"user_000112","f","30","Turkey","Mar 25, 2006","Turkey","2006-03-25","3","25","Aries","Asia"
"user_000113","f","22","Italy","Mar 19, 2006","Italy","2006-03-19","3","19","Pisces","Europe"
"user_000114","f","28","Turkey","Jan 28, 2007","Turkey","2007-01-28","1","28","Aquarius","Asia"
"user_000115","f",,"Italy","Jan 14, 2006","Italy","2006-01-14","1","14","Capricorn","Europe"
"user_000116","f","24","Spain","Dec 9, 2006","Spain","2006-12-09","12","9","Sagittarius","Europe"
"user_000117","m","21","United Kingdom","Aug 27, 2005","United Kingdom","2005-08-27","8","27","Virgo","Europe"
"user_000118","f","19","United States","Apr 18, 2005","United States of America","2005-04-18","4","18","Aries","America"
"user_000119","f","21","Finland","Dec 23, 2005","Finland","2005-12-23","12","23","Capricorn","Europe"
"user_000120","f","23","United States","Mar 7, 2005","United States of America","2005-03-07","3","7","Pisces","America"
"user_000121","f",,"United Kingdom","Oct 14, 2005","United Kingdom","2005-10-14","10","14","Libra","Europe"
"user_000122","f","22","United States","Apr 23, 2006","United States of America","2006-04-23","4","23","Taurus","America"
"user_000123","m","26","United States","Feb 5, 2006","United States of America","2006-02-05","2","5","Aquarius","America"
"user_000124","m","36","United States","Jul 24, 2005","United States of America","2005-07-24","7","24","Leo","America"
"user_000125","f","20","Canada","Jun 12, 2005","Canada","2005-06-12","6","12","Gemini","America"
"user_000126","f",,,"Aug 3, 2006",,"2006-08-03","8","3","Leo",
"user_000127","m","19","Estonia","Mar 3, 2006","Estonia","2006-03-03","3","3","Pisces","Europe"
"user_000128","m","23","United States","Feb 5, 2006","United States of America","2006-02-05","2","5","Aquarius","America"
"user_000130","f","21","United States","Nov 15, 2006","United States of America","2006-11-15","11","15","Scorpio","America"
"user_000131","f","21","United States Minor Outlying Islands","Feb 18, 2006","United States of America","2006-02-18","2","18","Aquarius","America"
"user_000132","m","28","Norway","Aug 20, 2005","Norway","2005-08-20","8","20","Leo","Europe"
"user_000133",,,,"Jul 6, 2005",,"2005-07-06","7","6","Cancer",
"user_000134","m","30","Chile","Oct 17, 2005","Chile","2005-10-17","10","17","Libra","America"
"user_000135","m",,"Czech Republic","Aug 30, 2006","Czech Republic","2006-08-30","8","30","Virgo","Europe"
"user_000136",,"26","United States","Aug 20, 2005","United States of America","2005-08-20","8","20","Leo","America"
"user_000137","m","19","Chile","Dec 1, 2006","Chile","2006-12-01","12","1","Sagittarius","America"
"user_000138","m","22","United States","Dec 19, 2004","United States of America","2004-12-19","12","19","Sagittarius","America"
"user_000139","m",,"Antarctica","Oct 4, 2005","Antarctica","2005-10-04","10","4","Libra","Antarctica"
"user_000140","m","33","United Kingdom","Mar 25, 2003","United Kingdom","2003-03-25","3","25","Aries","Europe"
"user_000141","f","21","Trinidad and Tobago","Dec 19, 2005","Trinidad and Tobago","2005-12-19","12","19","Sagittarius","America"
"user_000142",,,"Norway","Oct 14, 2004","Norway","2004-10-14","10","14","Libra","Europe"
"user_000143","m","21","Mexico","Feb 23, 2006","Mexico","2006-02-23","2","23","Pisces","America"
"user_000144","f","19","Norway","Jan 24, 2005","Norway","2005-01-24","1","24","Aquarius","Europe"
"user_000145","m",,"United States","May 21, 2007","United States of America","2007-05-21","5","21","Gemini","America"
"user_000146",,,,"Apr 4, 2007",,"2007-04-04","4","4","Aries",
"user_000147","m",,"United States","Dec 29, 2005","United States of America","2005-12-29","12","29","Capricorn","America"
"user_000148","f","25","United States","May 2, 2006","United States of America","2006-05-02","5","2","Taurus","America"
"user_000149","m","26","United States","Feb 2, 2006","United States of America","2006-02-02","2","2","Aquarius","America"
"user_000150","f","24","Canada","May 1, 2006","Canada","2006-05-01","5","1","Taurus","America"
"user_000151","m","23","Norway","Mar 25, 2006","Norway","2006-03-25","3","25","Aries","Europe"
"user_000152","m","26","Finland","Oct 18, 2004","Finland","2004-10-18","10","18","Libra","Europe"
"user_000153","m","33",,"Jan 24, 2005",,"2005-01-24","1","24","Aquarius",
"user_000154","f",,"Norway","Mar 17, 2006","Norway","2006-03-17","3","17","Pisces","Europe"
"user_000155","m",,"Venezuela","Jul 11, 2006","Venezuela","2006-07-11","7","11","Cancer","America"
"user_000156","m","23","Portugal","Feb 15, 2006","Portugal","2006-02-15","2","15","Aquarius","Europe"
"user_000157","m","19","United States","Dec 27, 2005","United States of America","2005-12-27","12","27","Capricorn","America"
"user_000158","f",,"United States","Mar 23, 2006","United States of America","2006-03-23","3","23","Aries","America"
"user_000159","m","20","United Kingdom","Jun 20, 2005","United Kingdom","2005-06-20","6","20","Gemini","Europe"
"user_000160","m","19","United Kingdom","Jun 23, 2006","United Kingdom","2006-06-23","6","23","Cancer","Europe"
"user_000161",,"26","Netherlands","May 25, 2005","Netherlands","2005-05-25","5","25","Gemini","Europe"
"user_000162","f","48","Switzerland","Jan 3, 2005","Switzerland","2005-01-03","1","3","Capricorn","Europe"
"user_000163","m","24","Spain","Nov 4, 2006","Spain","2006-11-04","11","4","Scorpio","Europe"
"user_000164","f","32","United States","Jun 16, 2006","United States of America","2006-06-16","6","16","Gemini","America"
"user_000165","f","28","Norway","Nov 9, 2005","Norway","2005-11-09","11","9","Scorpio","Europe"
"user_000166","f","22","Greece","Sep 4, 2006","Greece","2006-09-04","9","4","Virgo","Europe"
"user_000167","m","28","Australia","Dec 5, 2005","Australia","2005-12-05","12","5","Sagittarius","Australia and Oceania"
"user_000168","m","32","United Kingdom","Apr 18, 2004","United Kingdom","2004-04-18","4","18","Aries","Europe"
"user_000169","m","17","Canada","Jun 20, 2006","Canada","2006-06-20","6","20","Gemini","America"
"user_000170","f","29","Canada","Apr 27, 2005","Canada","2005-04-27","4","27","Taurus","America"
"user_000171",,,,"Oct 29, 2002",,"2002-10-29","10","29","Scorpio",
"user_000172","m","32","United States","May 19, 2006","United States of America","2006-05-19","5","19","Taurus","America"
"user_000173","f","21","Italy","Mar 6, 2006","Italy","2006-03-06","3","6","Pisces","Europe"
"user_000175","f","28","United Kingdom","Jun 7, 2006","United Kingdom","2006-06-07","6","7","Gemini","Europe"
"user_000176","f","24","Nicaragua","Jun 18, 2006","Nicaragua","2006-06-18","6","18","Gemini","America"
"user_000177","m","42","Brazil","May 25, 2007","Brazil","2007-05-25","5","25","Gemini","America"
"user_000178","m",,"United Kingdom","Jun 8, 2005","United Kingdom","2005-06-08","6","8","Gemini","Europe"
"user_000179","m","28","United Kingdom","Feb 22, 2005","United Kingdom","2005-02-22","2","22","Pisces","Europe"
"user_000180","m","20","Ireland","Oct 26, 2005","Ireland","2005-10-26","10","26","Scorpio","Europe"
"user_000181","f","19","United States","Dec 3, 2005","United States of America","2005-12-03","12","3","Sagittarius","America"
"user_000182","f","22","Belgium","Jul 12, 2005","Belgium","2005-07-12","7","12","Cancer","Europe"
"user_000183","m",,,"Dec 29, 2006",,"2006-12-29","12","29","Capricorn",
"user_000184","f","23","Canada","Jun 3, 2006","Canada","2006-06-03","6","3","Gemini","America"
"user_000185","m","35","United Kingdom","Mar 10, 2005","United Kingdom","2005-03-10","3","10","Pisces","Europe"
"user_000186","f",,"Australia","Aug 9, 2006","Australia","2006-08-09","8","9","Leo","Australia and Oceania"
"user_000187","m","18","United Kingdom","May 2, 2006","United Kingdom","2006-05-02","5","2","Taurus","Europe"
"user_000188","m","23","Finland","May 27, 2005","Finland","2005-05-27","5","27","Gemini","Europe"
"user_000189","m","22","United States","Sep 10, 2004","United States of America","2004-09-10","9","10","Virgo","America"
"user_000190","m","26","Italy","Feb 6, 2006","Italy","2006-02-06","2","6","Aquarius","Europe"
"user_000191","m",,"United States","Jun 7, 2006","United States of America","2006-06-07","6","7","Gemini","America"
"user_000192","f",,"Germany","Aug 11, 2007","Germany","2007-08-11","8","11","Leo","Europe"
"user_000193","m","30","Peru","Oct 27, 2005","Peru","2005-10-27","10","27","Scorpio","America"
"user_000194","f",,"Canada","Oct 8, 2005","Canada","2005-10-08","10","8","Libra","America"
"user_000195","m","17","Poland","Jul 14, 2006","Poland","2006-07-14","7","14","Cancer","Europe"
"user_000196","m","22","Switzerland","Dec 27, 2004","Switzerland","2004-12-27","12","27","Capricorn","Europe"
"user_000197","f","34","Sweden","Apr 18, 2006","Sweden","2006-04-18","4","18","Aries","Europe"
"user_000198","f","28","Poland","Jul 17, 2007","Poland","2007-07-17","7","17","Cancer","Europe"
"user_000199","m","22","United States","Mar 13, 2006","United States of America","2006-03-13","3","13","Pisces","America"
"user_000200",,,,"Oct 20, 2006",,"2006-10-20","10","20","Libra",
"user_000201","m","21","Australia","Oct 4, 2005","Australia","2005-10-04","10","4","Libra","Australia and Oceania"
"user_000202","m","29","Netherlands","Sep 17, 2006","Netherlands","2006-09-17","9","17","Virgo","Europe"
"user_000203","f",,"Brazil","Mar 15, 2006","Brazil","2006-03-15","3","15","Pisces","America"
"user_000204","f","22","Turkey","May 20, 2007","Turkey","2007-05-20","5","20","Taurus","Asia"
"user_000205","m","26","Mexico","Aug 7, 2006","Mexico","2006-08-07","8","7","Leo","America"
"user_000206","f","27","Turkey","Sep 25, 2005","Turkey","2005-09-25","9","25","Libra","Asia"
"user_000207","m","29","Portugal","May 29, 2006","Portugal","2006-05-29","5","29","Gemini","Europe"
"user_000208","m","21","Switzerland","Jun 17, 2006","Switzerland","2006-06-17","6","17","Gemini","Europe"
"user_000209","f","27","Mexico","Oct 12, 2006","Mexico","2006-10-12","10","12","Libra","America"
"user_000210","m","42","United Kingdom","Feb 12, 2004","United Kingdom","2004-02-12","2","12","Aquarius","Europe"
"user_000211","m","24","Canada","Aug 11, 2004","Canada","2004-08-11","8","11","Leo","America"
"user_000212","m","21","Romania","Oct 2, 2006","Romania","2006-10-02","10","2","Libra","Europe"
"user_000213","f","55","United Kingdom","May 26, 2005","United Kingdom","2005-05-26","5","26","Gemini","Europe"
"user_000214",,"103","Korea, Democratic People's Republic of","Feb 4, 2007","South Korea","2007-02-04","2","4","Aquarius","Asia"
"user_000215","m","16","Australia","Feb 22, 2006","Australia","2006-02-22","2","22","Pisces","Australia and Oceania"
"user_000216","f",,,"Jan 21, 2007",,"2007-01-21","1","21","Aquarius",
"user_000217","m","23","United States","Aug 2, 2004","United States of America","2004-08-02","8","2","Leo","America"
"user_000218","m",,"Switzerland","Sep 19, 2007","Switzerland","2007-09-19","9","19","Virgo","Europe"
"user_000219","m","34","United States","Nov 8, 2005","United States of America","2005-11-08","11","8","Scorpio","America"
"user_000220","f",,,"Jul 27, 2006",,"2006-07-27","7","27","Leo",
"user_000221","m","21","United States","Dec 19, 2006","United States of America","2006-12-19","12","19","Sagittarius","America"
"user_000222","f","23","Trinidad and Tobago","Aug 10, 2005","Trinidad and Tobago","2005-08-10","8","10","Leo","America"
"user_000223","m","27","Sweden","Jan 31, 2006","Sweden","2006-01-31","1","31","Aquarius","Europe"
"user_000224","f",,"Congo, the Democratic Republic of the","Jan 15, 2006","Congo","2006-01-15","1","15","Capricorn","Africa"
"user_000224","f",,"Congo, the Democratic Republic of the","Jan 15, 2006","Congo","2006-01-15","1","15","Capricorn","Africa"
"user_000225","f",,"Poland","Apr 30, 2007","Poland","2007-04-30","4","30","Taurus","Europe"
"user_000226","m","30","Serbia","Nov 11, 2005","Serbia","2005-11-11","11","11","Scorpio","Europe"
"user_000227","m",,"Belgium","Oct 7, 2006","Belgium","2006-10-07","10","7","Libra","Europe"
"user_000228","m","22","Brazil","Oct 26, 2005","Brazil","2005-10-26","10","26","Scorpio","America"
"user_000229",,,,"Jan 5, 2005",,"2005-01-05","1","5","Capricorn",
"user_000230","f","18","Australia","May 7, 2006","Australia","2006-05-07","5","7","Taurus","Australia and Oceania"
"user_000231",,,,"Aug 9, 2006",,"2006-08-09","8","9","Leo",
"user_000232","m",,"Poland","Aug 14, 2006","Poland","2006-08-14","8","14","Leo","Europe"
"user_000233","m","25","United States","Jul 20, 2005","United States of America","2005-07-20","7","20","Cancer","America"
"user_000234","f","20","United States","May 27, 2005","United States of America","2005-05-27","5","27","Gemini","America"
"user_000235",,"29","United States","Nov 28, 2004","United States of America","2004-11-28","11","28","Sagittarius","America"
"user_000236","f","23","United States","Jul 12, 2005","United States of America","2005-07-12","7","12","Cancer","America"
"user_000237","f","19","United Kingdom","Apr 8, 2006","United Kingdom","2006-04-08","4","8","Aries","Europe"
"user_000238","f","22","Spain","May 8, 2006","Spain","2006-05-08","5","8","Taurus","Europe"
"user_000239","m","21","Czech Republic","Dec 2, 2005","Czech Republic","2005-12-02","12","2","Sagittarius","Europe"
"user_000240",,,"United Kingdom","Apr 19, 2004","United Kingdom","2004-04-19","4","19","Aries","Europe"
"user_000241","m","39","United Kingdom","Mar 20, 2007","United Kingdom","2007-03-20","3","20","Pisces","Europe"
"user_000242","m","23","Spain","Feb 7, 2006","Spain","2006-02-07","2","7","Aquarius","Europe"
"user_000243","f","23","Russian Federation","Feb 17, 2007","Russia","2007-02-17","2","17","Aquarius","Europe"
"user_000244","m","32","United States","Jun 5, 2005","United States of America","2005-06-05","6","5","Gemini","America"
"user_000245","m",,"United Kingdom","Jan 12, 2006","United Kingdom","2006-01-12","1","12","Capricorn","Europe"
"user_000246","m","22","United Kingdom","Sep 2, 2007","United Kingdom","2007-09-02","9","2","Virgo","Europe"
"user_000247","m","19","Finland","Aug 11, 2006","Finland","2006-08-11","8","11","Leo","Europe"
"user_000248","m","26","United Kingdom","Nov 4, 2003","United Kingdom","2003-11-04","11","4","Scorpio","Europe"
"user_000249","m","25","United States","Dec 16, 2005","United States of America","2005-12-16","12","16","Sagittarius","America"
"user_000250","m","21","Canada","Jun 30, 2006","Canada","2006-06-30","6","30","Cancer","America"
"user_000251","f","24","Poland","May 1, 2006","Poland","2006-05-01","5","1","Taurus","Europe"
"user_000252","m","31","Argentina","Aug 25, 2004","Argentina","2004-08-25","8","25","Virgo","America"
"user_000253","f","22","United States","Feb 26, 2006","United States of America","2006-02-26","2","26","Pisces","America"
"user_000254","f","20","Italy","Sep 4, 2006","Italy","2006-09-04","9","4","Virgo","Europe"
"user_000255","m","36","United States","Dec 12, 2005","United States of America","2005-12-12","12","12","Sagittarius","America"
"user_000256","m","23","Germany","Jan 21, 2007","Germany","2007-01-21","1","21","Aquarius","Europe"
"user_000257","f","18","United States","May 26, 2007","United States of America","2007-05-26","5","26","Gemini","America"
"user_000258","f","75","United States","Jun 21, 2006","United States of America","2006-06-21","6","21","Cancer","America"
"user_000259","f","21","Russian Federation","Jun 24, 2006","Russia","2006-06-24","6","24","Cancer","Europe"
"user_000260","m","31","Norway","Apr 15, 2005","Norway","2005-04-15","4","15","Aries","Europe"
"user_000261",,"20","Norway","Jun 19, 2005","Norway","2005-06-19","6","19","Gemini","Europe"
"user_000262","m","19","United States","Dec 10, 2005","United States of America","2005-12-10","12","10","Sagittarius","America"
"user_000263","f","29","United Kingdom","Aug 14, 2006","United Kingdom","2006-08-14","8","14","Leo","Europe"
"user_000264","m","25","France","Jun 1, 2005","France","2005-06-01","6","1","Gemini","Europe"
"user_000265","f","21","Poland","Jul 4, 2007","Poland","2007-07-04","7","4","Cancer","Europe"
"user_000266","f","28","United Kingdom","Aug 18, 2005","United Kingdom","2005-08-18","8","18","Leo","Europe"
"user_000267","m","30","British Indian Ocean Territory","Oct 11, 2005","British Indian Ocean Territory","2005-10-11","10","11","Libra","Without continent"
"user_000268","m","29","United Kingdom","Mar 28, 2006","United Kingdom","2006-03-28","3","28","Aries","Europe"
"user_000269","f","28","Spain","Sep 17, 2005","Spain","2005-09-17","9","17","Virgo","Europe"
"user_000270","f","20","United States","Jan 3, 2006","United States of America","2006-01-03","1","3","Capricorn","America"
"user_000271","m","21","Sweden","Dec 11, 2005","Sweden","2005-12-11","12","11","Sagittarius","Europe"
"user_000272",,,"United States","May 29, 2007","United States of America","2007-05-29","5","29","Gemini","America"
"user_000273","f","19","United States","Mar 23, 2005","United States of America","2005-03-23","3","23","Aries","America"
"user_000274","m",,"Mexico","Feb 12, 2006","Mexico","2006-02-12","2","12","Aquarius","America"
"user_000275","f",,"Spain","Jul 1, 2007","Spain","2007-07-01","7","1","Cancer","Europe"
"user_000276","m","25","Hungary","Dec 2, 2005","Hungary","2005-12-02","12","2","Sagittarius","Europe"
"user_000277","f","25","New Zealand","Dec 4, 2005","New Zealand","2005-12-04","12","4","Sagittarius","Australia and Oceania"
"user_000278","f","20","United States","Jul 30, 2005","United States of America","2005-07-30","7","30","Leo","America"
"user_000279","f",,"United States","Nov 5, 2005","United States of America","2005-11-05","11","5","Scorpio","America"
"user_000280",,"32","United Kingdom","Sep 14, 2005","United Kingdom","2005-09-14","9","14","Virgo","Europe"
"user_000281","m",,"Norway","Apr 11, 2005","Norway","2005-04-11","4","11","Aries","Europe"
"user_000282","m","49","Sweden","Mar 16, 2006","Sweden","2006-03-16","3","16","Pisces","Europe"
"user_000284","m","22","Turkey","Jun 21, 2006","Turkey","2006-06-21","6","21","Cancer","Asia"
"user_000285","f","23","United States","Dec 7, 2004","United States of America","2004-12-07","12","7","Sagittarius","America"
"user_000286","m",,"United States","Oct 18, 2004","United States of America","2004-10-18","10","18","Libra","America"
"user_000288","m",,"Netherlands","Mar 22, 2006","Netherlands","2006-03-22","3","22","Aries","Europe"
"user_000289","f","20","Thailand","Jul 31, 2007","Thailand","2007-07-31","7","31","Leo","Asia"
"user_000290","m",,"United States","Aug 12, 2005","United States of America","2005-08-12","8","12","Leo","America"
"user_000291","m","30","France","Aug 9, 2006","France","2006-08-09","8","9","Leo","Europe"
"user_000292","f","19","Netherlands","Jun 5, 2007","Netherlands","2007-06-05","6","5","Gemini","Europe"
"user_000293",,"39","United Kingdom","Jan 31, 2005","United Kingdom","2005-01-31","1","31","Aquarius","Europe"
"user_000294","f","22","Czech Republic","Jan 14, 2006","Czech Republic","2006-01-14","1","14","Capricorn","Europe"
"user_000295","f","21","Italy","Jun 13, 2007","Italy","2007-06-13","6","13","Gemini","Europe"
"user_000296","m","26","Poland","Jan 29, 2006","Poland","2006-01-29","1","29","Aquarius","Europe"
"user_000297","f","21","Spain","Jun 1, 2007","Spain","2007-06-01","6","1","Gemini","Europe"
"user_000298","m","28","Argentina","Jan 26, 2005","Argentina","2005-01-26","1","26","Aquarius","America"
"user_000299","f","29","United States","Jul 21, 2006","United States of America","2006-07-21","7","21","Cancer","America"
"user_000300","f","18","United States","Nov 27, 2005","United States of America","2005-11-27","11","27","Sagittarius","America"
"user_000301","m","20","Netherlands","Jun 3, 2006","Netherlands","2006-06-03","6","3","Gemini","Europe"
"user_000302","m","24",,"Sep 10, 2005",,"2005-09-10","9","10","Virgo",
"user_000303","f","22","Slovakia","Mar 18, 2006","Slovakia","2006-03-18","3","18","Pisces","Europe"
"user_000304","f","22","United Kingdom","Feb 5, 2005","United Kingdom","2005-02-05","2","5","Aquarius","Europe"
"user_000305","m","21","Sweden","Apr 19, 2006","Sweden","2006-04-19","4","19","Aries","Europe"
"user_000306","m","25","Turkey","Jun 6, 2005","Turkey","2005-06-06","6","6","Gemini","Asia"
"user_000307","m",,,"Oct 16, 2006",,"2006-10-16","10","16","Libra",
"user_000308","f","21","Norway","Mar 3, 2006","Norway","2006-03-03","3","3","Pisces","Europe"
"user_000309","m","21","United States","Nov 4, 2005","United States of America","2005-11-04","11","4","Scorpio","America"
"user_000310","m","22","United States","Jun 13, 2005","United States of America","2005-06-13","6","13","Gemini","America"
"user_000311","m","23","Canada","Apr 18, 2005","Canada","2005-04-18","4","18","Aries","America"
"user_000312","m","40","France","Apr 13, 2006","France","2006-04-13","4","13","Aries","Europe"
"user_000313","m","33","United States","Jul 30, 2005","United States of America","2005-07-30","7","30","Leo","America"
"user_000314","m","21","United States","Dec 19, 2006","United States of America","2006-12-19","12","19","Sagittarius","America"
"user_000315",,,,"Feb 9, 2007",,"2007-02-09","2","9","Aquarius",
"user_000316","m","20","Belgium","Jun 25, 2006","Belgium","2006-06-25","6","25","Cancer","Europe"
"user_000317","m","34","Hungary","Jan 19, 2007","Hungary","2007-01-19","1","19","Capricorn","Europe"
"user_000318","m","26","Sweden","Jul 2, 2006","Sweden","2006-07-02","7","2","Cancer","Europe"
"user_000319","f","21","Brazil","May 22, 2005","Brazil","2005-05-22","5","22","Gemini","America"
"user_000320","m","27","France","Jan 10, 2007","France","2007-01-10","1","10","Capricorn","Europe"
"user_000321","f","18","Poland","Aug 15, 2006","Poland","2006-08-15","8","15","Leo","Europe"
"user_000322","m","38","United Kingdom","Oct 1, 2006","United Kingdom","2006-10-01","10","1","Libra","Europe"
"user_000323","f","24","United States","Aug 21, 2005","United States of America","2005-08-21","8","21","Leo","America"
"user_000324","m","28","Canada","Jun 7, 2007","Canada","2007-06-07","6","7","Gemini","America"
"user_000325","f","21","Finland","Oct 26, 2005","Finland","2005-10-26","10","26","Scorpio","Europe"
"user_000326","m","33","Turkey","Nov 8, 2005","Turkey","2005-11-08","11","8","Scorpio","Asia"
"user_000327","f","19","United Kingdom","May 7, 2006","United Kingdom","2006-05-07","5","7","Taurus","Europe"
"user_000328","m","3","United States","Apr 24, 2006","United States of America","2006-04-24","4","24","Taurus","America"
"user_000329","m","21","Belgium","Nov 16, 2006","Belgium","2006-11-16","11","16","Scorpio","Europe"
"user_000330","f","21",,"Jun 1, 2006",,"2006-06-01","6","1","Gemini",
"user_000331","m","35","United Kingdom","May 31, 2005","United Kingdom","2005-05-31","5","31","Gemini","Europe"
"user_000332","m","36","United States","Jan 23, 2007","United States of America","2007-01-23","1","23","Aquarius","America"
"user_000333",,,,"Aug 30, 2006",,"2006-08-30","8","30","Virgo",
"user_000334","m","26","United Kingdom","Feb 22, 2005","United Kingdom","2005-02-22","2","22","Pisces","Europe"
"user_000335","m",,"Italy","Mar 21, 2006","Italy","2006-03-21","3","21","Aries","Europe"
"user_000336","f","18","United States","Jun 12, 2006","United States of America","2006-06-12","6","12","Gemini","America"
"user_000337","f","31","United States","Aug 2, 2005","United States of America","2005-08-02","8","2","Leo","America"
"user_000338","f","28","Poland","Apr 16, 2005","Poland","2005-04-16","4","16","Aries","Europe"
"user_000339","m","32","Norway","Jan 13, 2005","Norway","2005-01-13","1","13","Capricorn","Europe"
"user_000340","m","22","Brazil","Apr 16, 2007","Brazil","2007-04-16","4","16","Aries","America"
"user_000341",,,,"Jun 4, 2009",,"2009-06-04","6","4","Gemini",
"user_000342",,,"Venezuela","Aug 7, 2006","Venezuela","2006-08-07","8","7","Leo","America"
"user_000343","f","26",,"Jun 1, 2006",,"2006-06-01","6","1","Gemini",
"user_000344","m","25","Turkey","Dec 6, 2005","Turkey","2005-12-06","12","6","Sagittarius","Asia"
"user_000345","f",,"United States","May 29, 2005","United States of America","2005-05-29","5","29","Gemini","America"
"user_000346","f","17","Croatia","Apr 30, 2007","Croatia","2007-04-30","4","30","Taurus","Europe"
"user_000347","m",,,"Nov 24, 2006",,"2006-11-24","11","24","Sagittarius",
"user_000348","m","24","Finland","Jan 4, 2005","Finland","2005-01-04","1","4","Capricorn","Europe"
"user_000349","m","23","Brazil","Jul 1, 2005","Brazil","2005-07-01","7","1","Cancer","America"
"user_000350","m","21","Poland","Dec 16, 2005","Poland","2005-12-16","12","16","Sagittarius","Europe"
"user_000351","m","24","Norway","Dec 7, 2006","Norway","2006-12-07","12","7","Sagittarius","Europe"
"user_000352",,"33","Norway","Dec 16, 2004","Norway","2004-12-16","12","16","Sagittarius","Europe"
"user_000354","m","34","United Kingdom","Dec 22, 2004","United Kingdom","2004-12-22","12","22","Capricorn","Europe"
"user_000355","m","29","Argentina","Jun 2, 2006","Argentina","2006-06-02","6","2","Gemini","America"
"user_000356","m","27","Turkey","Jun 6, 2005","Turkey","2005-06-06","6","6","Gemini","Asia"
"user_000357","f",,"United States","Aug 17, 2005","United States of America","2005-08-17","8","17","Leo","America"
"user_000358","f",,"Macedonia","Jul 23, 2006","Macedonia","2006-07-23","7","23","Leo","Europe"
"user_000359","m","31","United States","Aug 21, 2005","United States of America","2005-08-21","8","21","Leo","America"
"user_000360",,"22","Sweden","Mar 10, 2005","Sweden","2005-03-10","3","10","Pisces","Europe"
"user_000361","f","26","Poland","Jan 16, 2007","Poland","2007-01-16","1","16","Capricorn","Europe"
"user_000362","m",,"Germany","Aug 1, 2006","Germany","2006-08-01","8","1","Leo","Europe"
"user_000363",,,"Slovenia","May 21, 2007","Slovenia","2007-05-21","5","21","Gemini","Europe"
"user_000364","f","29","Norway","Mar 16, 2006","Norway","2006-03-16","3","16","Pisces","Europe"
"user_000366","m","24","Finland","Dec 12, 2004","Finland","2004-12-12","12","12","Sagittarius","Europe"
"user_000367",,,,"Jan 6, 2006",,"2006-01-06","1","6","Capricorn",
"user_000368","m",,"United Kingdom","Nov 4, 2003","United Kingdom","2003-11-04","11","4","Scorpio","Europe"
"user_000369","f",,"Australia","May 1, 2004","Australia","2004-05-01","5","1","Taurus","Australia and Oceania"
"user_000370","m",,"Germany","May 6, 2006","Germany","2006-05-06","5","6","Taurus","Europe"
"user_000371","m",,"Algeria","Jul 13, 2005","Algeria","2005-07-13","7","13","Cancer","Africa"
"user_000372","m",,"Singapore","Jan 4, 2007","Singapore","2007-01-04","1","4","Capricorn","Asia"
"user_000373","m",,"Canada","Apr 5, 2006","Canada","2006-04-05","4","5","Aries","America"
"user_000374","f",,"Norway","Mar 8, 2006","Norway","2006-03-08","3","8","Pisces","Europe"
"user_000375",,,"United Kingdom","Sep 21, 2005","United Kingdom","2005-09-21","9","21","Virgo","Europe"
"user_000376","f",,"Germany","Aug 13, 2005","Germany","2005-08-13","8","13","Leo","Europe"
"user_000377","m",,"Portugal","Dec 6, 2005","Portugal","2005-12-06","12","6","Sagittarius","Europe"
"user_000378","m",,"United Kingdom","Oct 5, 2005","United Kingdom","2005-10-05","10","5","Libra","Europe"
"user_000379","m",,"United Kingdom","Feb 2, 2005","United Kingdom","2005-02-02","2","2","Aquarius","Europe"
"user_000380",,,"Sweden","Jun 20, 2005","Sweden","2005-06-20","6","20","Gemini","Europe"
"user_000381","m",,"Turkey","Sep 24, 2005","Turkey","2005-09-24","9","24","Libra","Asia"
"user_000382","m",,"United States","Mar 19, 2005","United States of America","2005-03-19","3","19","Pisces","America"
"user_000383",,,"Zimbabwe","Aug 31, 2006","Zimbabwe","2006-08-31","8","31","Virgo","Africa"
"user_000384","m",,"United Kingdom","Sep 28, 2004","United Kingdom","2004-09-28","9","28","Libra","Europe"
"user_000385","m",,"Latvia","Apr 28, 2006","Latvia","2006-04-28","4","28","Taurus","Europe"
"user_000386","f",,"Poland","Jun 7, 2006","Poland","2006-06-07","6","7","Gemini","Europe"
"user_000387","m",,"United Kingdom","Jul 21, 2005","United Kingdom","2005-07-21","7","21","Cancer","Europe"
"user_000388","m",,"United States","Feb 19, 2006","United States of America","2006-02-19","2","19","Pisces","America"
"user_000389","f",,"United States","Oct 20, 2005","United States of America","2005-10-20","10","20","Libra","America"
"user_000390",,,,"Oct 1, 2005",,"2005-10-01","10","1","Libra",
"user_000391","f",,"Germany","Oct 22, 2004","Germany","2004-10-22","10","22","Libra","Europe"
"user_000392","m",,"Spain","Jun 8, 2006","Spain","2006-06-08","6","8","Gemini","Europe"
"user_000393","m",,"United States","Feb 7, 2007","United States of America","2007-02-07","2","7","Aquarius","America"
"user_000394","m",,"United States","Jun 21, 2006","United States of America","2006-06-21","6","21","Cancer","America"
"user_000395","m",,"Spain","May 16, 2007","Spain","2007-05-16","5","16","Taurus","Europe"
"user_000396","f",,"Japan","May 10, 2006","Japan","2006-05-10","5","10","Taurus","Asia"
"user_000397","f",,"United States","Feb 16, 2006","United States of America","2006-02-16","2","16","Aquarius","America"
"user_000398","m",,"France","Nov 21, 2006","France","2006-11-21","11","21","Scorpio","Europe"
"user_000399","m",,"United Kingdom","Sep 12, 2005","United Kingdom","2005-09-12","9","12","Virgo","Europe"
"user_000400","m",,"United States","Feb 26, 2006","United States of America","2006-02-26","2","26","Pisces","America"
"user_000401","m",,"France","May 10, 2006","France","2006-05-10","5","10","Taurus","Europe"
"user_000402","f",,"Serbia","Jun 5, 2006","Serbia","2006-06-05","6","5","Gemini","Europe"
"user_000403","f",,"United States","May 17, 2006","United States of America","2006-05-17","5","17","Taurus","America"
"user_000404","m",,"United States","Apr 9, 2006","United States of America","2006-04-09","4","9","Aries","America"
"user_000405","f",,"Australia","Sep 22, 2005","Australia","2005-09-22","9","22","Virgo","Australia and Oceania"
"user_000406","m",,"France","Feb 2, 2006","France","2006-02-02","2","2","Aquarius","Europe"
"user_000407","m",,"United Kingdom","Apr 26, 2004","United Kingdom","2004-04-26","4","26","Taurus","Europe"
"user_000408","m",,"United States","Jul 19, 2007","United States of America","2007-07-19","7","19","Cancer","America"
"user_000409","m",,"Portugal","Mar 8, 2006","Portugal","2006-03-08","3","8","Pisces","Europe"
"user_000410","m",,"United States","Feb 22, 2006","United States of America","2006-02-22","2","22","Pisces","America"
"user_000411","m",,"Venezuela","Aug 8, 2006","Venezuela","2006-08-08","8","8","Leo","America"
"user_000412","f",,"United Kingdom","Sep 30, 2005","United Kingdom","2005-09-30","9","30","Libra","Europe"
"user_000413","f",,"United States","Sep 12, 2006","United States of America","2006-09-12","9","12","Virgo","America"
"user_000414","m",,"United Kingdom","Apr 5, 2004","United Kingdom","2004-04-05","4","5","Aries","Europe"
"user_000415","m",,"United Kingdom","Aug 5, 2006","United Kingdom","2006-08-05","8","5","Leo","Europe"
"user_000416",,,,"Feb 12, 2005",,"2005-02-12","2","12","Aquarius",
"user_000417","m",,"United Kingdom","Apr 30, 2006","United Kingdom","2006-04-30","4","30","Taurus","Europe"
"user_000418","m",,"China","Jan 13, 2007","China","2007-01-13","1","13","Capricorn","Asia"
"user_000419","f",,"United Kingdom","Nov 23, 2006","United Kingdom","2006-11-23","11","23","Sagittarius","Europe"
"user_000420",,,,"Aug 17, 2004",,"2004-08-17","8","17","Leo",
"user_000421","m",,"United States","Apr 22, 2006","United States of America","2006-04-22","4","22","Taurus","America"
"user_000422","f",,"Finland","Mar 23, 2006","Finland","2006-03-23","3","23","Aries","Europe"
"user_000423",,,"Netherlands","Apr 1, 2006","Netherlands","2006-04-01","4","1","Aries","Europe"
"user_000424","m",,"Netherlands","Oct 8, 2006","Netherlands","2006-10-08","10","8","Libra","Europe"
"user_000425","m",,"Finland","Jan 12, 2005","Finland","2005-01-12","1","12","Capricorn","Europe"
"user_000426","m",,"Australia","Jul 8, 2006","Australia","2006-07-08","7","8","Cancer","Australia and Oceania"
"user_000427","m",,"United States","Jan 4, 2004","United States of America","2004-01-04","1","4","Capricorn","America"
"user_000429",,,"Turkey","Jan 15, 2006","Turkey","2006-01-15","1","15","Capricorn","Asia"
"user_000430",,,,"May 18, 2006",,"2006-05-18","5","18","Taurus",
"user_000431","m",,"Poland","Aug 28, 2006","Poland","2006-08-28","8","28","Virgo","Europe"
"user_000432","m",,"Spain","Nov 26, 2006","Spain","2006-11-26","11","26","Sagittarius","Europe"
"user_000433","f",,"United States","Jan 24, 2006","United States of America","2006-01-24","1","24","Aquarius","America"
"user_000434","f",,"United States","Jun 16, 2006","United States of America","2006-06-16","6","16","Gemini","America"
"user_000435","f",,"Poland","Oct 18, 2007","Poland","2007-10-18","10","18","Libra","Europe"
"user_000436","f",,"Poland","Jan 19, 2006","Poland","2006-01-19","1","19","Capricorn","Europe"
"user_000437","f",,"Russian Federation","Jan 11, 2006","Russia","2006-01-11","1","11","Capricorn","Europe"
"user_000438","f",,"United States","Sep 17, 2006","United States of America","2006-09-17","9","17","Virgo","America"
"user_000439","f",,"United Kingdom","Sep 8, 2006","United Kingdom","2006-09-08","9","8","Virgo","Europe"
"user_000440","f",,"Malta","Feb 4, 2006","Malta","2006-02-04","2","4","Aquarius","Europe"
"user_000441","m",,"United States","Mar 16, 2005","United States of America","2005-03-16","3","16","Pisces","America"
"user_000442","f",,"France","Dec 24, 2005","France","2005-12-24","12","24","Capricorn","Europe"
"user_000443","f",,"Canada","Feb 8, 2006","Canada","2006-02-08","2","8","Aquarius","America"
"user_000444","f",,"Germany","Dec 12, 2005","Germany","2005-12-12","12","12","Sagittarius","Europe"
"user_000445",,,"Finland","Dec 5, 2006","Finland","2006-12-05","12","5","Sagittarius","Europe"
"user_000446","f",,"United States","Apr 21, 2005","United States of America","2005-04-21","4","21","Taurus","America"
"user_000447",,,,"Sep 5, 2007",,"2007-09-05","9","5","Virgo",
"user_000448","f",,"United Kingdom","Feb 4, 2006","United Kingdom","2006-02-04","2","4","Aquarius","Europe"
"user_000449","m",,"United States","Feb 11, 2007","United States of America","2007-02-11","2","11","Aquarius","America"
"user_000450","m",,"United States","Dec 7, 2004","United States of America","2004-12-07","12","7","Sagittarius","America"
"user_000451","m",,"United Kingdom","Aug 30, 2004","United Kingdom","2004-08-30","8","30","Virgo","Europe"
"user_000452",,,,"Nov 11, 2005",,"2005-11-11","11","11","Scorpio",
"user_000453","m",,"Finland","Oct 17, 2005","Finland","2005-10-17","10","17","Libra","Europe"
"user_000454","f",,"Poland","Jul 18, 2007","Poland","2007-07-18","7","18","Cancer","Europe"
"user_000455","m",,,"Sep 1, 2003",,"2003-09-01","9","1","Virgo",
"user_000456","m",,"Russian Federation","Jul 27, 2006","Russia","2006-07-27","7","27","Leo","Europe"
"user_000457","m",,"Brazil","Jun 13, 2006","Brazil","2006-06-13","6","13","Gemini","America"
"user_000458","f",,"Argentina","Feb 1, 2006","Argentina","2006-02-01","2","1","Aquarius","America"
"user_000459",,,"Hungary","Aug 14, 2004","Hungary","2004-08-14","8","14","Leo","Europe"
"user_000460","f",,"Canada","Sep 27, 2005","Canada","2005-09-27","9","27","Libra","America"
"user_000461","m",,"Germany","Dec 16, 2005","Germany","2005-12-16","12","16","Sagittarius","Europe"
"user_000462","f",,"United States","Feb 7, 2007","United States of America","2007-02-07","2","7","Aquarius","America"
"user_000463","m",,"United States","Mar 19, 2006","United States of America","2006-03-19","3","19","Pisces","America"
"user_000464","f",,"United States","Apr 19, 2006","United States of America","2006-04-19","4","19","Aries","America"
"user_000465","f",,"Russian Federation","Oct 24, 2006","Russia","2006-10-24","10","24","Scorpio","Europe"
"user_000467","f",,"Germany","Apr 29, 2006","Germany","2006-04-29","4","29","Taurus","Europe"
"user_000468","m",,"Brazil","Sep 25, 2006","Brazil","2006-09-25","9","25","Libra","America"
"user_000469","f",,"Italy","Sep 6, 2006","Italy","2006-09-06","9","6","Virgo","Europe"
"user_000471",,,"Poland","Nov 17, 2006","Poland","2006-11-17","11","17","Scorpio","Europe"
"user_000472","f",,"United Kingdom","Mar 10, 2005","United Kingdom","2005-03-10","3","10","Pisces","Europe"
"user_000473","f",,"Italy","Apr 19, 2006","Italy","2006-04-19","4","19","Aries","Europe"
"user_000474","f",,,"May 23, 2007",,"2007-05-23","5","23","Gemini",
"user_000475","f",,"United States","Nov 15, 2004","United States of America","2004-11-15","11","15","Scorpio","America"
"user_000476","f",,"Brazil","Jun 2, 2006","Brazil","2006-06-02","6","2","Gemini","America"
"user_000477","m",,"United States","Feb 9, 2005","United States of America","2005-02-09","2","9","Aquarius","America"
"user_000478","m",,"United States","Jan 4, 2006","United States of America","2006-01-04","1","4","Capricorn","America"
"user_000479","m",,"United States","Feb 11, 2005","United States of America","2005-02-11","2","11","Aquarius","America"
"user_000480","f",,"United States","Jul 20, 2005","United States of America","2005-07-20","7","20","Cancer","America"
"user_000481","m",,"United States","Aug 16, 2005","United States of America","2005-08-16","8","16","Leo","America"
"user_000482","f",,"Russian Federation","Mar 12, 2006","Russia","2006-03-12","3","12","Pisces","Europe"
"user_000483",,,"United States","May 23, 2005","United States of America","2005-05-23","5","23","Gemini","America"
"user_000484","m",,"Italy","Dec 20, 2006","Italy","2006-12-20","12","20","Sagittarius","Europe"
"user_000485","m",,"United Kingdom","Aug 7, 2006","United Kingdom","2006-08-07","8","7","Leo","Europe"
"user_000486","m",,"United Kingdom","Sep 6, 2005","United Kingdom","2005-09-06","9","6","Virgo","Europe"
"user_000487","m",,"Netherlands","Mar 8, 2006","Netherlands","2006-03-08","3","8","Pisces","Europe"
"user_000488","m",,"Peru","Dec 19, 2006","Peru","2006-12-19","12","19","Sagittarius","America"
"user_000489","m",,"Germany","Mar 25, 2006","Germany","2006-03-25","3","25","Aries","Europe"
"user_000490","m",,"Italy","May 23, 2006","Italy","2006-05-23","5","23","Gemini","Europe"
"user_000491","f",,"United States","Jan 28, 2006","United States of America","2006-01-28","1","28","Aquarius","America"
"user_000492","f",,"Thailand","Jul 4, 2007","Thailand","2007-07-04","7","4","Cancer","Asia"
"user_000493","m",,"United States","Dec 10, 2005","United States of America","2005-12-10","12","10","Sagittarius","America"
"user_000494","m",,"United Kingdom","Jun 16, 2006","United Kingdom","2006-06-16","6","16","Gemini","Europe"
"user_000495","m",,"Australia","Dec 4, 2004","Australia","2004-12-04","12","4","Sagittarius","Australia and Oceania"
"user_000496","m",,"Romania","Jul 26, 2005","Romania","2005-07-26","7","26","Leo","Europe"
"user_000497","f",,"United States","Feb 16, 2008","United States of America","2008-02-16","2","16","Aquarius","America"
"user_000498","f",,"Poland","Jun 23, 2007","Poland","2007-06-23","6","23","Cancer","Europe"
"user_000499","f",,,"Jul 5, 2006",,"2006-07-05","7","5","Cancer",
"user_000500",,,"United States","Sep 23, 2007","United States of America","2007-09-23","9","23","Libra","America"
"user_000501","f",,"United States","Mar 13, 2006","United States of America","2006-03-13","3","13","Pisces","America"
"user_000502","f",,"United States","Jan 22, 2006","United States of America","2006-01-22","1","22","Aquarius","America"
"user_000503","f",,"Austria","Dec 3, 2005","Austria","2005-12-03","12","3","Sagittarius","Europe"
"user_000504",,,"United States","Dec 3, 2004","United States of America","2004-12-03","12","3","Sagittarius","America"
"user_000505","f",,,"Nov 12, 2006",,"2006-11-12","11","12","Scorpio",
"user_000506","f",,,"Jan 9, 2006",,"2006-01-09","1","9","Capricorn",
"user_000507","m",,"Italy","Aug 17, 2006","Italy","2006-08-17","8","17","Leo","Europe"
"user_000508","m",,"United Kingdom","Oct 26, 2006","United Kingdom","2006-10-26","10","26","Scorpio","Europe"
"user_000509",,,"United Kingdom","Sep 18, 2005","United Kingdom","2005-09-18","9","18","Virgo","Europe"
"user_000510","m",,"Germany","Mar 5, 2006","Germany","2006-03-05","3","5","Pisces","Europe"
"user_000511","f",,"United States","Dec 14, 2005","United States of America","2005-12-14","12","14","Sagittarius","America"
"user_000512","f",,"United Kingdom","Feb 2, 2005","United Kingdom","2005-02-02","2","2","Aquarius","Europe"
"user_000513",,,"United Kingdom","Jan 5, 2005","United Kingdom","2005-01-05","1","5","Capricorn","Europe"
"user_000514","m",,"United Kingdom","Jul 12, 2005","United Kingdom","2005-07-12","7","12","Cancer","Europe"
"user_000515","m",,"Netherlands","Mar 30, 2006","Netherlands","2006-03-30","3","30","Aries","Europe"
"user_000516","m",,"Austria","Jul 25, 2007","Austria","2007-07-25","7","25","Leo","Europe"
"user_000517","f",,"Italy","Feb 24, 2006","Italy","2006-02-24","2","24","Pisces","Europe"
"user_000518","f",,"United Kingdom","Feb 13, 2006","United Kingdom","2006-02-13","2","13","Aquarius","Europe"
"user_000519","m",,"France","Nov 2, 2006","France","2006-11-02","11","2","Scorpio","Europe"
"user_000520","m",,"Venezuela","Aug 24, 2005","Venezuela","2005-08-24","8","24","Virgo","America"
"user_000521","f",,"Germany","Jun 28, 2007","Germany","2007-06-28","6","28","Cancer","Europe"
"user_000522","f",,"Norway","Nov 9, 2005","Norway","2005-11-09","11","9","Scorpio","Europe"
"user_000523","f",,"Mexico","Apr 29, 2007","Mexico","2007-04-29","4","29","Taurus","America"
"user_000524","f",,"United Kingdom","Jul 19, 2007","United Kingdom","2007-07-19","7","19","Cancer","Europe"
"user_000525",,,,"Dec 14, 2004",,"2004-12-14","12","14","Sagittarius",
"user_000526","f",,"United States","Dec 3, 2005","United States of America","2005-12-03","12","3","Sagittarius","America"
"user_000527","f",,"Chile","Nov 1, 2006","Chile","2006-11-01","11","1","Scorpio","America"
"user_000528","f",,,"Apr 14, 2007",,"2007-04-14","4","14","Aries",
"user_000529","m",,"United States","May 5, 2006","United States of America","2006-05-05","5","5","Taurus","America"
"user_000530","m",,"Russian Federation","Aug 29, 2006","Russia","2006-08-29","8","29","Virgo","Europe"
"user_000531","f",,"Bulgaria","Jul 6, 2006","Bulgaria","2006-07-06","7","6","Cancer","Europe"
"user_000532","m",,"Netherlands","Dec 1, 2006","Netherlands","2006-12-01","12","1","Sagittarius","Europe"
"user_000533","m","27","Japan","Nov 5, 2009","Japan","2009-11-05","11","5","Scorpio","Asia"
"user_000534","f",,"Sweden","Sep 7, 2004","Sweden","2004-09-07","9","7","Virgo","Europe"
"user_000535","m",,"Turkey","Dec 16, 2004","Turkey","2004-12-16","12","16","Sagittarius","Asia"
"user_000536","m",,"Spain","Jun 7, 2005","Spain","2005-06-07","6","7","Gemini","Europe"
"user_000537",,,"Poland","Aug 8, 2007","Poland","2007-08-08","8","8","Leo","Europe"
"user_000538","f",,"Portugal","Apr 17, 2007","Portugal","2007-04-17","4","17","Aries","Europe"
"user_000539","m",,"Venezuela","Aug 23, 2006","Venezuela","2006-08-23","8","23","Virgo","America"
"user_000540","f",,"Spain","May 24, 2007","Spain","2007-05-24","5","24","Gemini","Europe"
"user_000541","f",,"United Kingdom","Nov 15, 2006","United Kingdom","2006-11-15","11","15","Scorpio","Europe"
"user_000542","f",,"Mexico","Jan 18, 2006","Mexico","2006-01-18","1","18","Capricorn","America"
"user_000543","m",,"United Kingdom","Oct 28, 2004","United Kingdom","2004-10-28","10","28","Scorpio","Europe"
"user_000544","f",,"United States","Jul 17, 2006","United States of America","2006-07-17","7","17","Cancer","America"
"user_000545","m",,"Argentina","Jun 13, 2006","Argentina","2006-06-13","6","13","Gemini","America"
"user_000546","f",,"Germany","Jul 24, 2006","Germany","2006-07-24","7","24","Leo","Europe"
"user_000547","m",,"United States","Jul 20, 2005","United States of America","2005-07-20","7","20","Cancer","America"
"user_000548","m",,"United States","Mar 30, 2007","United States of America","2007-03-30","3","30","Aries","America"
"user_000549","m",,"Australia","Jan 28, 2006","Australia","2006-01-28","1","28","Aquarius","Australia and Oceania"
"user_000550","m",,"United Kingdom","Jun 16, 2005","United Kingdom","2005-06-16","6","16","Gemini","Europe"
"user_000551","m",,"Australia","Apr 27, 2007","Australia","2007-04-27","4","27","Taurus","Australia and Oceania"
"user_000552","m",,"Chile","Dec 3, 2006","Chile","2006-12-03","12","3","Sagittarius","America"
"user_000553","m",,"Italy","Aug 19, 2005","Italy","2005-08-19","8","19","Leo","Europe"
"user_000554","m",,"United Kingdom","Mar 16, 2006","United Kingdom","2006-03-16","3","16","Pisces","Europe"
"user_000555","f",,"Spain","Oct 14, 2005","Spain","2005-10-14","10","14","Libra","Europe"
"user_000556",,,"Netherlands","May 12, 2006","Netherlands","2006-05-12","5","12","Taurus","Europe"
"user_000557","f",,"United States","Mar 6, 2005","United States of America","2005-03-06","3","6","Pisces","America"
"user_000558","f",,"United States","May 20, 2003","United States of America","2003-05-20","5","20","Taurus","America"
"user_000559","f",,"United States","Aug 24, 2006","United States of America","2006-08-24","8","24","Virgo","America"
"user_000560","f",,"United States","Nov 30, 2006","United States of America","2006-11-30","11","30","Sagittarius","America"
"user_000561","f",,,"Mar 18, 2006",,"2006-03-18","3","18","Pisces",
"user_000562","m",,"United Kingdom","Dec 16, 2005","United Kingdom","2005-12-16","12","16","Sagittarius","Europe"
"user_000563","m",,"Italy","Dec 27, 2006","Italy","2006-12-27","12","27","Capricorn","Europe"
"user_000564","f",,"United States","Jan 17, 2006","United States of America","2006-01-17","1","17","Capricorn","America"
"user_000565","f",,"Germany","Feb 18, 2006","Germany","2006-02-18","2","18","Aquarius","Europe"
"user_000566","f",,"Netherlands Antilles","Sep 26, 2006","Netherlands Antilles","2006-09-26","9","26","Libra","America"
"user_000567","f",,"Germany","Feb 9, 2007","Germany","2007-02-09","2","9","Aquarius","Europe"
"user_000568","m",,"Canada","Mar 3, 2006","Canada","2006-03-03","3","3","Pisces","America"
"user_000569","f",,"United States","May 31, 2005","United States of America","2005-05-31","5","31","Gemini","America"
"user_000570","m",,"Brazil","Jun 27, 2005","Brazil","2005-06-27","6","27","Cancer","America"
"user_000571","m",,"United States","Jul 18, 2005","United States of America","2005-07-18","7","18","Cancer","America"
"user_000572","m",,"Israel","Oct 9, 2004","Israel","2004-10-09","10","9","Libra","Asia"
"user_000573","f",,"Australia","Jun 20, 2006","Australia","2006-06-20","6","20","Gemini","Australia and Oceania"
"user_000574","m",,"Poland","Feb 25, 2006","Poland","2006-02-25","2","25","Pisces","Europe"
"user_000575","m",,"United States","Jul 30, 2004","United States of America","2004-07-30","7","30","Leo","America"
"user_000576","m",,"United States","Nov 2, 2005","United States of America","2005-11-02","11","2","Scorpio","America"
"user_000577","m",,"Estonia","Mar 11, 2006","Estonia","2006-03-11","3","11","Pisces","Europe"
"user_000578","m",,"Germany","Aug 27, 2003","Germany","2003-08-27","8","27","Virgo","Europe"
"user_000579","f",,"United Kingdom","Sep 24, 2007","United Kingdom","2007-09-24","9","24","Libra","Europe"
"user_000580","f",,"United Kingdom","Jul 26, 2005","United Kingdom","2005-07-26","7","26","Leo","Europe"
"user_000581","m",,"Turkey","Dec 20, 2005","Turkey","2005-12-20","12","20","Sagittarius","Asia"
"user_000582","f",,"France","Mar 5, 2006","France","2006-03-05","3","5","Pisces","Europe"
"user_000583","f",,"Finland","Feb 28, 2006","Finland","2006-02-28","2","28","Pisces","Europe"
"user_000584","f",,"Canada","Apr 28, 2006","Canada","2006-04-28","4","28","Taurus","America"
"user_000585",,,"United Kingdom","Apr 12, 2004","United Kingdom","2004-04-12","4","12","Aries","Europe"
"user_000586","f",,"United States","May 30, 2006","United States of America","2006-05-30","5","30","Gemini","America"
"user_000587","m",,"United Kingdom","Jul 6, 2004","United Kingdom","2004-07-06","7","6","Cancer","Europe"
"user_000589","f",,"Russian Federation","Mar 13, 2006","Russia","2006-03-13","3","13","Pisces","Europe"
"user_000590","f",,"Norway","Mar 9, 2006","Norway","2006-03-09","3","9","Pisces","Europe"
"user_000591","f",,"Canada","Sep 12, 2005","Canada","2005-09-12","9","12","Virgo","America"
"user_000592","m",,"United States","May 24, 2007","United States of America","2007-05-24","5","24","Gemini","America"
"user_000593","f",,,"Jun 29, 2006",,"2006-06-29","6","29","Cancer",
"user_000594","m",,"Netherlands","May 16, 2006","Netherlands","2006-05-16","5","16","Taurus","Europe"
"user_000595","m",,"Russian Federation","Mar 27, 2007","Russia","2007-03-27","3","27","Aries","Europe"
"user_000596","m",,"United States","Feb 13, 2006","United States of America","2006-02-13","2","13","Aquarius","America"
"user_000597","m",,,"Apr 20, 2006",,"2006-04-20","4","20","Taurus",
"user_000598","f",,"United States","Mar 1, 2006","United States of America","2006-03-01","3","1","Pisces","America"
"user_000599",,,"United Kingdom","Apr 21, 2003","United Kingdom","2003-04-21","4","21","Taurus","Europe"
"user_000600","f",,"United States","Apr 28, 2006","United States of America","2006-04-28","4","28","Taurus","America"
"user_000601","m",,"Poland","Jun 7, 2007","Poland","2007-06-07","6","7","Gemini","Europe"
"user_000602","m",,"Canada","Dec 4, 2005","Canada","2005-12-04","12","4","Sagittarius","America"
"user_000603","m",,"United Kingdom","Feb 25, 2006","United Kingdom","2006-02-25","2","25","Pisces","Europe"
"user_000604","m",,"Canada","Aug 7, 2006","Canada","2006-08-07","8","7","Leo","America"
"user_000605","m",,"United States","Oct 10, 2005","United States of America","2005-10-10","10","10","Libra","America"
"user_000606","f",,"Bulgaria","Jun 15, 2006","Bulgaria","2006-06-15","6","15","Gemini","Europe"
"user_000607","m",,"Sweden","Apr 29, 2006","Sweden","2006-04-29","4","29","Taurus","Europe"
"user_000608","f",,"Poland","May 21, 2005","Poland","2005-05-21","5","21","Gemini","Europe"
"user_000609","m",,"New Zealand","Nov 5, 2006","New Zealand","2006-11-05","11","5","Scorpio","Australia and Oceania"
"user_000610","m",,"Bulgaria","Jan 22, 2006","Bulgaria","2006-01-22","1","22","Aquarius","Europe"
"user_000611","m",,"Italy","Jan 9, 2007","Italy","2007-01-09","1","9","Capricorn","Europe"
"user_000612","m",,"Finland","Mar 25, 2005","Finland","2005-03-25","3","25","Aries","Europe"
"user_000613","f",,"Poland","Jan 21, 2007","Poland","2007-01-21","1","21","Aquarius","Europe"
"user_000614","m",,"Germany","Dec 16, 2006","Germany","2006-12-16","12","16","Sagittarius","Europe"
"user_000615","f",,"Sweden","Jan 10, 2005","Sweden","2005-01-10","1","10","Capricorn","Europe"
"user_000616","f",,"Slovenia","May 31, 2006","Slovenia","2006-05-31","5","31","Gemini","Europe"
"user_000617","m",,"United Kingdom","Mar 15, 2006","United Kingdom","2006-03-15","3","15","Pisces","Europe"
"user_000618","f",,"United States","Dec 19, 2006","United States of America","2006-12-19","12","19","Sagittarius","America"
"user_000619",,,"United Kingdom","May 1, 2004","United Kingdom","2004-05-01","5","1","Taurus","Europe"
"user_000620","f",,"Finland","Jan 7, 2005","Finland","2005-01-07","1","7","Capricorn","Europe"
"user_000621","f",,,"Aug 24, 2006",,"2006-08-24","8","24","Virgo",
"user_000622",,,,"Jun 3, 2006",,"2006-06-03","6","3","Gemini",
"user_000623","m",,"Chile","Dec 9, 2006","Chile","2006-12-09","12","9","Sagittarius","America"
"user_000624","f",,"Norway","Mar 14, 2006","Norway","2006-03-14","3","14","Pisces","Europe"
"user_000625","m",,"Argentina","Mar 4, 2006","Argentina","2006-03-04","3","4","Pisces","America"
"user_000626","f",,"Spain","Apr 16, 2006","Spain","2006-04-16","4","16","Aries","Europe"
"user_000627","f",,"Russian Federation","Aug 13, 2007","Russia","2007-08-13","8","13","Leo","Europe"
"user_000628","m",,"Slovakia","Apr 23, 2005","Slovakia","2005-04-23","4","23","Taurus","Europe"
"user_000629","m",,"Poland","Jan 26, 2007","Poland","2007-01-26","1","26","Aquarius","Europe"
"user_000630","f",,"United States","May 22, 2005","United States of America","2005-05-22","5","22","Gemini","America"
"user_000631","m",,"Finland","Oct 14, 2005","Finland","2005-10-14","10","14","Libra","Europe"
"user_000632","m",,"United Kingdom","Feb 1, 2006","United Kingdom","2006-02-01","2","1","Aquarius","Europe"
"user_000633","f",,,"Jan 17, 2006",,"2006-01-17","1","17","Capricorn",
"user_000634","f",,"United States","Aug 14, 2005","United States of America","2005-08-14","8","14","Leo","America"
"user_000635","m",,"Serbia","Apr 11, 2005","Serbia","2005-04-11","4","11","Aries","Europe"
"user_000636","f",,"Bulgaria","Jun 20, 2006","Bulgaria","2006-06-20","6","20","Gemini","Europe"
"user_000637","f",,"Poland","Feb 5, 2007","Poland","2007-02-05","2","5","Aquarius","Europe"
"user_000638",,,,"Dec 19, 2006",,"2006-12-19","12","19","Sagittarius",
"user_000639","m",,"Mexico","Apr 27, 2005","Mexico","2005-04-27","4","27","Taurus","America"
"user_000640","f",,"United States","Apr 6, 2006","United States of America","2006-04-06","4","6","Aries","America"
"user_000641","f",,"Sweden","Jan 13, 2006","Sweden","2006-01-13","1","13","Capricorn","Europe"
"user_000642","f",,"Canada","Apr 1, 2006","Canada","2006-04-01","4","1","Aries","America"
"user_000643","m",,"France","Jul 15, 2006","France","2006-07-15","7","15","Cancer","Europe"
"user_000644","f",,"United States","Sep 11, 2005","United States of America","2005-09-11","9","11","Virgo","America"
"user_000645","m",,"Hungary","Nov 12, 2006","Hungary","2006-11-12","11","12","Scorpio","Europe"
"user_000646","m",,"Peru","Dec 15, 2006","Peru","2006-12-15","12","15","Sagittarius","America"
"user_000647","m",,"United States","Mar 24, 2006","United States of America","2006-03-24","3","24","Aries","America"
"user_000648","f",,"Netherlands","Oct 18, 2005","Netherlands","2005-10-18","10","18","Libra","Europe"
"user_000649","m",,"United States","Feb 8, 2007","United States of America","2007-02-08","2","8","Aquarius","America"
"user_000650","m",,"United States","Dec 16, 2007","United States of America","2007-12-16","12","16","Sagittarius","America"
"user_000651","m",,"United States","Dec 17, 2007","United States of America","2007-12-17","12","17","Sagittarius","America"
"user_000652","m",,"Germany","Aug 18, 2007","Germany","2007-08-18","8","18","Leo","Europe"
"user_000653","m",,"Brazil","May 14, 2006","Brazil","2006-05-14","5","14","Taurus","America"
"user_000654","m",,"Canada","Feb 22, 2006","Canada","2006-02-22","2","22","Pisces","America"
"user_000655","m",,"Portugal","Oct 9, 2006","Portugal","2006-10-09","10","9","Libra","Europe"
"user_000656","f",,"United States","Jan 29, 2006","United States of America","2006-01-29","1","29","Aquarius","America"
"user_000657","m",,"Sweden","Sep 30, 2005","Sweden","2005-09-30","9","30","Libra","Europe"
"user_000658","f",,"Latvia","Apr 11, 2007","Latvia","2007-04-11","4","11","Aries","Europe"
"user_000659",,,"Belgium","Jan 27, 2005","Belgium","2005-01-27","1","27","Aquarius","Europe"
"user_000660","m",,"Croatia","Aug 12, 2007","Croatia","2007-08-12","8","12","Leo","Europe"
"user_000661","m",,"Netherlands","Sep 25, 2006","Netherlands","2006-09-25","9","25","Libra","Europe"
"user_000662","f",,"United States","Jun 13, 2006","United States of America","2006-06-13","6","13","Gemini","America"
"user_000664","m",,"Germany","Aug 15, 2005","Germany","2005-08-15","8","15","Leo","Europe"
"user_000665","f",,"Czech Republic","Feb 28, 2006","Czech Republic","2006-02-28","2","28","Pisces","Europe"
"user_000666","m",,"Poland","May 24, 2005","Poland","2005-05-24","5","24","Gemini","Europe"
"user_000667","f",,"United Kingdom","Mar 3, 2006","United Kingdom","2006-03-03","3","3","Pisces","Europe"
"user_000668","f",,"United States","Nov 26, 2005","United States of America","2005-11-26","11","26","Sagittarius","America"
"user_000669","m",,"Colombia","May 7, 2007","Colombia","2007-05-07","5","7","Taurus","America"
"user_000670","f",,"Argentina","Feb 19, 2006","Argentina","2006-02-19","2","19","Pisces","America"
"user_000671","m",,"Czech Republic","Jan 23, 2006","Czech Republic","2006-01-23","1","23","Aquarius","Europe"
"user_000672","m",,"United States","Apr 10, 2006","United States of America","2006-04-10","4","10","Aries","America"
"user_000673","m",,"Mexico","May 25, 2007","Mexico","2007-05-25","5","25","Gemini","America"
"user_000674","f",,"Poland","Jun 6, 2007","Poland","2007-06-06","6","6","Gemini","Europe"
"user_000675","m",,"Poland","Jul 20, 2005","Poland","2005-07-20","7","20","Cancer","Europe"
"user_000676","m",,"Netherlands","Nov 15, 2006","Netherlands","2006-11-15","11","15","Scorpio","Europe"
"user_000677","f",,"Netherlands","May 31, 2006","Netherlands","2006-05-31","5","31","Gemini","Europe"
"user_000678","m",,"United Kingdom","Dec 9, 2003","United Kingdom","2003-12-09","12","9","Sagittarius","Europe"
"user_000679","f",,"United States","Apr 8, 2004","United States of America","2004-04-08","4","8","Aries","America"
"user_000680",,,,"May 23, 2005",,"2005-05-23","5","23","Gemini",
"user_000681","m",,"United States","Dec 20, 2004","United States of America","2004-12-20","12","20","Sagittarius","America"
"user_000682","f",,"Norway","Aug 20, 2006","Norway","2006-08-20","8","20","Leo","Europe"
"user_000683","f",,"United Kingdom","Apr 18, 2006","United Kingdom","2006-04-18","4","18","Aries","Europe"
"user_000684","m",,"Canada","Jun 11, 2005","Canada","2005-06-11","6","11","Gemini","America"
"user_000685","m",,"Norway","Oct 13, 2004","Norway","2004-10-13","10","13","Libra","Europe"
"user_000686","f",,"United States","Feb 23, 2007","United States of America","2007-02-23","2","23","Pisces","America"
"user_000687","f",,"United Kingdom","Mar 11, 2005","United Kingdom","2005-03-11","3","11","Pisces","Europe"
"user_000688","f",,"United Kingdom","Apr 17, 2007","United Kingdom","2007-04-17","4","17","Aries","Europe"
"user_000689","m",,"United Kingdom","Oct 13, 2005","United Kingdom","2005-10-13","10","13","Libra","Europe"
"user_000690","m",,"United Kingdom","Jun 25, 2007","United Kingdom","2007-06-25","6","25","Cancer","Europe"
"user_000691","m",,"United States","Jun 30, 2006","United States of America","2006-06-30","6","30","Cancer","America"
"user_000692","f",,"Romania","Jul 6, 2006","Romania","2006-07-06","7","6","Cancer","Europe"
"user_000693","m",,"United States","Nov 21, 2005","United States of America","2005-11-21","11","21","Scorpio","America"
"user_000694","m",,"United Kingdom","Jun 7, 2005","United Kingdom","2005-06-07","6","7","Gemini","Europe"
"user_000695","m",,"Australia","Aug 2, 2005","Australia","2005-08-02","8","2","Leo","Australia and Oceania"
"user_000696","f",,"Romania","Aug 30, 2006","Romania","2006-08-30","8","30","Virgo","Europe"
"user_000697","f",,"United States","May 8, 2006","United States of America","2006-05-08","5","8","Taurus","America"
"user_000698",,,,"Aug 13, 2005",,"2005-08-13","8","13","Leo",
"user_000699",,,"Russian Federation","Mar 3, 2007","Russia","2007-03-03","3","3","Pisces","Europe"
"user_000700","m",,"Belarus","Feb 4, 2007","Belarus","2007-02-04","2","4","Aquarius","Europe"
"user_000701","m",,"United Kingdom","Apr 2, 2004","United Kingdom","2004-04-02","4","2","Aries","Europe"
"user_000702","m",,"Poland","Dec 2, 2006","Poland","2006-12-02","12","2","Sagittarius","Europe"
"user_000703","f",,"United States","Mar 13, 2006","United States of America","2006-03-13","3","13","Pisces","America"
"user_000704","f",,"Australia","Apr 27, 2007","Australia","2007-04-27","4","27","Taurus","Australia and Oceania"
"user_000705","f",,"India","Jun 3, 2006","India","2006-06-03","6","3","Gemini","Asia"
"user_000706","f",,"Romania","May 11, 2006","Romania","2006-05-11","5","11","Taurus","Europe"
"user_000707",,,"Norway","Apr 12, 2005","Norway","2005-04-12","4","12","Aries","Europe"
"user_000708",,,,"May 23, 2009",,"2009-05-23","5","23","Gemini",
"user_000709","m",,"Canada","Oct 2, 2004","Canada","2004-10-02","10","2","Libra","America"
"user_000710","m",,"Estonia","Apr 24, 2007","Estonia","2007-04-24","4","24","Taurus","Europe"
"user_000711","m",,"United States","Jan 21, 2006","United States of America","2006-01-21","1","21","Aquarius","America"
"user_000712","m",,"Poland","Mar 4, 2004","Poland","2004-03-04","3","4","Pisces","Europe"
"user_000713","f",,"Norway","Apr 21, 2005","Norway","2005-04-21","4","21","Taurus","Europe"
"user_000714","m",,"Colombia","Sep 23, 2006","Colombia","2006-09-23","9","23","Libra","America"
"user_000715","m",,"Australia","May 13, 2007","Australia","2007-05-13","5","13","Taurus","Australia and Oceania"
"user_000716","f",,"Portugal","Mar 22, 2007","Portugal","2007-03-22","3","22","Aries","Europe"
"user_000717",,,,"Jul 13, 2007",,"2007-07-13","7","13","Cancer",
"user_000718","f",,,"Feb 14, 2006",,"2006-02-14","2","14","Aquarius",
"user_000719","m",,"Brazil","Oct 30, 2005","Brazil","2005-10-30","10","30","Scorpio","America"
"user_000720","f",,"Norway","Jun 29, 2007","Norway","2007-06-29","6","29","Cancer","Europe"
"user_000721","m",,"Poland","Apr 7, 2005","Poland","2005-04-07","4","7","Aries","Europe"
"user_000722","m",,"Turkey","Apr 17, 2005","Turkey","2005-04-17","4","17","Aries","Asia"
"user_000723","f",,"United States","Jun 4, 2006","United States of America","2006-06-04","6","4","Gemini","America"
"user_000724","m",,"United States","Feb 21, 2005","United States of America","2005-02-21","2","21","Pisces","America"
"user_000725","f",,"Turkey","Aug 21, 2007","Turkey","2007-08-21","8","21","Leo","Asia"
"user_000726","m",,"Austria","Apr 7, 2006","Austria","2006-04-07","4","7","Aries","Europe"
"user_000727","f",,"United States","Jul 21, 2005","United States of America","2005-07-21","7","21","Cancer","America"
"user_000728","f",,"Finland","Mar 12, 2006","Finland","2006-03-12","3","12","Pisces","Europe"
"user_000729","m",,"Ireland","Oct 26, 2005","Ireland","2005-10-26","10","26","Scorpio","Europe"
"user_000730","m",,"Canada","May 10, 2006","Canada","2006-05-10","5","10","Taurus","America"
"user_000731","m",,"Tunisia","Nov 6, 2005","Tunisia","2005-11-06","11","6","Scorpio","Africa"
"user_000732","f",,"Finland","Jan 3, 2005","Finland","2005-01-03","1","3","Capricorn","Europe"
"user_000733","m",,"United Kingdom","Sep 29, 2003","United Kingdom","2003-09-29","9","29","Libra","Europe"
"user_000735",,,"Norway","Dec 11, 2004","Norway","2004-12-11","12","11","Sagittarius","Europe"
"user_000736","m",,"Lithuania","Apr 8, 2007","Lithuania","2007-04-08","4","8","Aries","Europe"
"user_000737","m",,"Germany","Jul 7, 2007","Germany","2007-07-07","7","7","Cancer","Europe"
"user_000738","m",,"Belgium","Aug 20, 2006","Belgium","2006-08-20","8","20","Leo","Europe"
"user_000739","m",,"Australia","May 25, 2006","Australia","2006-05-25","5","25","Gemini","Australia and Oceania"
"user_000740","m",,"Italy","Jan 10, 2007","Italy","2007-01-10","1","10","Capricorn","Europe"
"user_000741","m",,"United States","May 11, 2006","United States of America","2006-05-11","5","11","Taurus","America"
"user_000742","m",,"Germany","Jun 10, 2007","Germany","2007-06-10","6","10","Gemini","Europe"
"user_000743","m",,"United Kingdom","Jul 17, 2005","United Kingdom","2005-07-17","7","17","Cancer","Europe"
"user_000744","m",,"United States","Jan 21, 2004","United States of America","2004-01-21","1","21","Aquarius","America"
"user_000745","m",,,"Jan 28, 2005",,"2005-01-28","1","28","Aquarius",
"user_000746","m",,"Netherlands","Oct 29, 2006","Netherlands","2006-10-29","10","29","Scorpio","Europe"
"user_000747","f",,"Poland","Apr 21, 2006","Poland","2006-04-21","4","21","Taurus","Europe"
"user_000748","m",,"Brazil","Apr 18, 2006","Brazil","2006-04-18","4","18","Aries","America"
"user_000749","f",,"Portugal","Jul 14, 2006","Portugal","2006-07-14","7","14","Cancer","Europe"
"user_000750","m",,"Italy","Aug 27, 2006","Italy","2006-08-27","8","27","Virgo","Europe"
"user_000751","m",,"United States","Jun 14, 2005","United States of America","2005-06-14","6","14","Gemini","America"
"user_000752","m",,"United States","Sep 17, 2004","United States of America","2004-09-17","9","17","Virgo","America"
"user_000753",,,,"Dec 3, 2004",,"2004-12-03","12","3","Sagittarius",
"user_000754","m",,"United States","Jul 10, 2006","United States of America","2006-07-10","7","10","Cancer","America"
"user_000755","m",,"United Kingdom","Dec 12, 2004","United Kingdom","2004-12-12","12","12","Sagittarius","Europe"
"user_000756","m",,"United States","Jul 12, 2006","United States of America","2006-07-12","7","12","Cancer","America"
"user_000757","f",,"United States","Mar 30, 2005","United States of America","2005-03-30","3","30","Aries","America"
"user_000758","f",,"United States","Feb 19, 2006","United States of America","2006-02-19","2","19","Pisces","America"
"user_000759","f",,"Australia","Feb 26, 2006","Australia","2006-02-26","2","26","Pisces","Australia and Oceania"
"user_000760",,,"Lithuania","Mar 12, 2006","Lithuania","2006-03-12","3","12","Pisces","Europe"
"user_000761",,,"Netherlands","Nov 30, 2006","Netherlands","2006-11-30","11","30","Sagittarius","Europe"
"user_000762","f",,"United Kingdom","Jul 4, 2005","United Kingdom","2005-07-04","7","4","Cancer","Europe"
"user_000763",,,,"Sep 25, 2007",,"2007-09-25","9","25","Libra",
"user_000764","m",,"United Kingdom","Feb 20, 2005","United Kingdom","2005-02-20","2","20","Pisces","Europe"
"user_000765","f",,"Germany","Oct 26, 2005","Germany","2005-10-26","10","26","Scorpio","Europe"
"user_000766","f",,"Norway","Sep 6, 2006","Norway","2006-09-06","9","6","Virgo","Europe"
"user_000767","m",,"United States","Jan 22, 2006","United States of America","2006-01-22","1","22","Aquarius","America"
"user_000768","m",,"Romania","Jun 4, 2007","Romania","2007-06-04","6","4","Gemini","Europe"
"user_000769","m",,"Japan","Nov 30, 2005","Japan","2005-11-30","11","30","Sagittarius","Asia"
"user_000770","f",,"United States","Oct 18, 2006","United States of America","2006-10-18","10","18","Libra","America"
"user_000771","f",,"Chile","Sep 4, 2006","Chile","2006-09-04","9","4","Virgo","America"
"user_000772","f",,"Canada","May 17, 2007","Canada","2007-05-17","5","17","Taurus","America"
"user_000773","m",,"United States","Dec 9, 2004","United States of America","2004-12-09","12","9","Sagittarius","America"
"user_000774","m",,"United States","Aug 25, 2005","United States of America","2005-08-25","8","25","Virgo","America"
"user_000775","m",,"Finland","Oct 9, 2007","Finland","2007-10-09","10","9","Libra","Europe"
"user_000776","f",,"Italy","Jan 10, 2007","Italy","2007-01-10","1","10","Capricorn","Europe"
"user_000777","m",,"Sweden","May 24, 2005","Sweden","2005-05-24","5","24","Gemini","Europe"
"user_000778",,,"United States","Jun 5, 2005","United States of America","2005-06-05","6","5","Gemini","America"
"user_000779","f",,,"Jul 28, 2004",,"2004-07-28","7","28","Leo",
"user_000780","f",,"Lithuania","Jan 2, 2007","Lithuania","2007-01-02","1","2","Capricorn","Europe"
"user_000781","f",,"United States","Dec 4, 2005","United States of America","2005-12-04","12","4","Sagittarius","America"
"user_000782","f",,"United States","Sep 18, 2004","United States of America","2004-09-18","9","18","Virgo","America"
"user_000783","m",,"United States","Feb 13, 2006","United States of America","2006-02-13","2","13","Aquarius","America"
"user_000784","f",,"Netherlands","Aug 14, 2005","Netherlands","2005-08-14","8","14","Leo","Europe"
"user_000785",,,,"Oct 2, 2007",,"2007-10-02","10","2","Libra",
"user_000786","m",,"Russian Federation","Sep 17, 2007","Russia","2007-09-17","9","17","Virgo","Europe"
"user_000787","f",,"United Kingdom","Feb 23, 2006","United Kingdom","2006-02-23","2","23","Pisces","Europe"
"user_000788","m",,"Germany","Apr 12, 2005","Germany","2005-04-12","4","12","Aries","Europe"
"user_000789","f",,"United States","Mar 28, 2005","United States of America","2005-03-28","3","28","Aries","America"
"user_000790","f",,,"Feb 1, 2006",,"2006-02-01","2","1","Aquarius",
"user_000791","m",,"United Kingdom","Sep 22, 2004","United Kingdom","2004-09-22","9","22","Virgo","Europe"
"user_000792","m",,,"Jan 30, 2005",,"2005-01-30","1","30","Aquarius",
"user_000793","m",,"China","Apr 26, 2004","China","2004-04-26","4","26","Taurus","Asia"
"user_000794","f",,"Iceland","Mar 26, 2006","Iceland","2006-03-26","3","26","Aries","Europe"
"user_000795","f",,"United States","Jul 12, 2006","United States of America","2006-07-12","7","12","Cancer","America"
"user_000796","f",,"Croatia","Mar 5, 2006","Croatia","2006-03-05","3","5","Pisces","Europe"
"user_000797","f",,"Lithuania","Nov 4, 2006","Lithuania","2006-11-04","11","4","Scorpio","Europe"
"user_000798","f",,"Finland","Jun 28, 2005","Finland","2005-06-28","6","28","Cancer","Europe"
"user_000799","m",,"Germany","Sep 26, 2004","Germany","2004-09-26","9","26","Libra","Europe"
"user_000800",,,"Russian Federation","Jul 17, 2005","Russia","2005-07-17","7","17","Cancer","Europe"
"user_000801",,,,"Apr 17, 2007",,"2007-04-17","4","17","Aries",
"user_000802","f",,"United Kingdom","Jun 12, 2006","United Kingdom","2006-06-12","6","12","Gemini","Europe"
"user_000803","m",,"Norway","Dec 9, 2005","Norway","2005-12-09","12","9","Sagittarius","Europe"
"user_000804","m",,"Norway","Dec 9, 2005","Norway","2005-12-09","12","9","Sagittarius","Europe"
"user_000805","m",,"Belgium","Aug 1, 2006","Belgium","2006-08-01","8","1","Leo","Europe"
"user_000807","m",,"United States","Jul 30, 2004","United States of America","2004-07-30","7","30","Leo","America"
"user_000808","m",,"Russian Federation","Dec 16, 2006","Russia","2006-12-16","12","16","Sagittarius","Europe"
"user_000809","m",,"Finland","Jun 8, 2005","Finland","2005-06-08","6","8","Gemini","Europe"
"user_000810","m",,"United Kingdom","Mar 5, 2006","United Kingdom","2006-03-05","3","5","Pisces","Europe"
"user_000811","f",,"United States","Dec 6, 2005","United States of America","2005-12-06","12","6","Sagittarius","America"
"user_000812",,,"Belgium","Nov 12, 2006","Belgium","2006-11-12","11","12","Scorpio","Europe"
"user_000813","m",,"New Zealand","Jun 16, 2007","New Zealand","2007-06-16","6","16","Gemini","Australia and Oceania"
"user_000814","m",,"Germany","May 20, 2006","Germany","2006-05-20","5","20","Taurus","Europe"
"user_000815","f",,"United Kingdom","Jul 10, 2006","United Kingdom","2006-07-10","7","10","Cancer","Europe"
"user_000816","m",,"United Kingdom","Dec 13, 2005","United Kingdom","2005-12-13","12","13","Sagittarius","Europe"
"user_000817","m",,"Mexico","Nov 12, 2006","Mexico","2006-11-12","11","12","Scorpio","America"
"user_000818","m",,"Finland","Jul 9, 2005","Finland","2005-07-09","7","9","Cancer","Europe"
"user_000819","m",,"United Kingdom","Feb 22, 2005","United Kingdom","2005-02-22","2","22","Pisces","Europe"
"user_000820","m",,"Thailand","Feb 4, 2005","Thailand","2005-02-04","2","4","Aquarius","Asia"
"user_000821","f",,"France","Nov 26, 2005","France","2005-11-26","11","26","Sagittarius","Europe"
"user_000822",,,,"May 25, 2007",,"2007-05-25","5","25","Gemini",
"user_000823",,,"Norway","Mar 22, 2007","Norway","2007-03-22","3","22","Aries","Europe"
"user_000824","m",,"United Kingdom","Mar 5, 2006","United Kingdom","2006-03-05","3","5","Pisces","Europe"
"user_000825","m",,"United Kingdom","Dec 15, 2005","United Kingdom","2005-12-15","12","15","Sagittarius","Europe"
"user_000826","f",,"United States","Aug 7, 2007","United States of America","2007-08-07","8","7","Leo","America"
"user_000827","m",,"Switzerland","Nov 6, 2005","Switzerland","2005-11-06","11","6","Scorpio","Europe"
"user_000828",,,"Japan","May 24, 2005","Japan","2005-05-24","5","24","Gemini","Asia"
"user_000829","m",,"Peru","Feb 27, 2006","Peru","2006-02-27","2","27","Pisces","America"
"user_000830","m",,"Ireland","Dec 6, 2005","Ireland","2005-12-06","12","6","Sagittarius","Europe"
"user_000831","m",,"United Kingdom","Dec 7, 2005","United Kingdom","2005-12-07","12","7","Sagittarius","Europe"
"user_000832","f",,"United Kingdom","Aug 10, 2005","United Kingdom","2005-08-10","8","10","Leo","Europe"
"user_000833","f",,"United States","Feb 20, 2005","United States of America","2005-02-20","2","20","Pisces","America"
"user_000834","f",,"Italy","Apr 7, 2006","Italy","2006-04-07","4","7","Aries","Europe"
"user_000835","f",,"Australia","Jul 1, 2006","Australia","2006-07-01","7","1","Cancer","Australia and Oceania"
"user_000836","m",,"Norway","Feb 8, 2006","Norway","2006-02-08","2","8","Aquarius","Europe"
"user_000837","f",,"United States","May 31, 2005","United States of America","2005-05-31","5","31","Gemini","America"
"user_000838","f",,"United Kingdom","May 17, 2006","United Kingdom","2006-05-17","5","17","Taurus","Europe"
"user_000839","m",,"Greece","Feb 7, 2006","Greece","2006-02-07","2","7","Aquarius","Europe"
"user_000840","f",,"Russian Federation","Jan 24, 2006","Russia","2006-01-24","1","24","Aquarius","Europe"
"user_000841","m",,"Spain","Nov 5, 2005","Spain","2005-11-05","11","5","Scorpio","Europe"
"user_000842","m",,"United States","Jul 18, 2005","United States of America","2005-07-18","7","18","Cancer","America"
"user_000843","m",,"United States","Feb 25, 2007","United States of America","2007-02-25","2","25","Pisces","America"
"user_000844",,,"Norway","Apr 10, 2004","Norway","2004-04-10","4","10","Aries","Europe"
"user_000845","f",,"Finland","Jun 5, 2006","Finland","2006-06-05","6","5","Gemini","Europe"
"user_000846","m",,"United Kingdom","Jan 4, 2007","United Kingdom","2007-01-04","1","4","Capricorn","Europe"
"user_000847","f",,"Germany","Dec 30, 2005","Germany","2005-12-30","12","30","Capricorn","Europe"
"user_000848","f",,"Poland","Sep 12, 2005","Poland","2005-09-12","9","12","Virgo","Europe"
"user_000849","m",,"United Kingdom","Aug 20, 2006","United Kingdom","2006-08-20","8","20","Leo","Europe"
"user_000850",,,,"Jul 25, 2006",,"2006-07-25","7","25","Leo",
"user_000851",,,,"Jan 6, 2005",,"2005-01-06","1","6","Capricorn",
"user_000852","f",,"Trinidad and Tobago","Dec 22, 2005","Trinidad and Tobago","2005-12-22","12","22","Capricorn","America"
"user_000853","f",,"Morocco","Apr 21, 2007","Morocco","2007-04-21","4","21","Taurus","Africa"
"user_000854","f",,"Norway","May 19, 2007","Norway","2007-05-19","5","19","Taurus","Europe"
"user_000855",,,,"Nov 3, 2006",,"2006-11-03","11","3","Scorpio",
"user_000856","f",,,"May 20, 2004",,"2004-05-20","5","20","Taurus",
"user_000857","f",,"United States","Jul 27, 2006","United States of America","2006-07-27","7","27","Leo","America"
"user_000858","m",,"United States","Nov 25, 2004","United States of America","2004-11-25","11","25","Sagittarius","America"
"user_000859","m",,"Italy","Jan 9, 2006","Italy","2006-01-09","1","9","Capricorn","Europe"
"user_000860","m",,"Turkey","Apr 1, 2006","Turkey","2006-04-01","4","1","Aries","Asia"
"user_000861","m",,"United States","Sep 10, 2005","United States of America","2005-09-10","9","10","Virgo","America"
"user_000862","f",,"Italy","Feb 10, 2006","Italy","2006-02-10","2","10","Aquarius","Europe"
"user_000863",,,"United Kingdom","Oct 15, 2004","United Kingdom","2004-10-15","10","15","Libra","Europe"
"user_000864","m",,"Norway","Dec 10, 2005","Norway","2005-12-10","12","10","Sagittarius","Europe"
"user_000865","f",,"Croatia","May 31, 2007","Croatia","2007-05-31","5","31","Gemini","Europe"
"user_000866","f",,"United States","Oct 7, 2005","United States of America","2005-10-07","10","7","Libra","America"
"user_000867","f",,"United States","Feb 7, 2006","United States of America","2006-02-07","2","7","Aquarius","America"
"user_000868","m",,"United States","Jun 15, 2006","United States of America","2006-06-15","6","15","Gemini","America"
"user_000869","m",,"France","May 23, 2007","France","2007-05-23","5","23","Gemini","Europe"
"user_000870","m",,"United Kingdom","Mar 10, 2003","United Kingdom","2003-03-10","3","10","Pisces","Europe"
"user_000871",,,"Argentina","Feb 3, 2005","Argentina","2005-02-03","2","3","Aquarius","America"
"user_000872","f",,"Brazil","Jan 31, 2008","Brazil","2008-01-31","1","31","Aquarius","America"
"user_000873","m",,"United Kingdom","Mar 5, 2004","United Kingdom","2004-03-05","3","5","Pisces","Europe"
"user_000874","m",,,"Apr 3, 2006",,"2006-04-03","4","3","Aries",
"user_000875","f",,"Slovakia","Mar 9, 2006","Slovakia","2006-03-09","3","9","Pisces","Europe"
"user_000876","f",,"Brazil","Dec 3, 2006","Brazil","2006-12-03","12","3","Sagittarius","America"
"user_000877","m",,,"Jan 9, 2005",,"2005-01-09","1","9","Capricorn",
"user_000878","f",,"United States","Dec 1, 2005","United States of America","2005-12-01","12","1","Sagittarius","America"
"user_000879","f",,"United States","Dec 31, 2006","United States of America","2006-12-31","12","31","Capricorn","America"
"user_000880",,,,"Nov 5, 2006",,"2006-11-05","11","5","Scorpio",
"user_000881","m",,"United States","Mar 18, 2006","United States of America","2006-03-18","3","18","Pisces","America"
"user_000882","m",,"United States","Apr 29, 2004","United States of America","2004-04-29","4","29","Taurus","America"
"user_000883","m",,"Spain","Oct 6, 2005","Spain","2005-10-06","10","6","Libra","Europe"
"user_000884","m",,"Poland","May 2, 2007","Poland","2007-05-02","5","2","Taurus","Europe"
"user_000885","m",,"United States","Jun 8, 2005","United States of America","2005-06-08","6","8","Gemini","America"
"user_000886","m",,"Finland","Nov 3, 2006","Finland","2006-11-03","11","3","Scorpio","Europe"
"user_000887","f",,"United States","Feb 14, 2005","United States of America","2005-02-14","2","14","Aquarius","America"
"user_000888","m",,"Norway","Feb 28, 2005","Norway","2005-02-28","2","28","Pisces","Europe"
"user_000889","m",,"Sweden","Apr 26, 2006","Sweden","2006-04-26","4","26","Taurus","Europe"
"user_000890","m",,"United States","Dec 6, 2005","United States of America","2005-12-06","12","6","Sagittarius","America"
"user_000891","f",,"Italy","Feb 9, 2007","Italy","2007-02-09","2","9","Aquarius","Europe"
"user_000892",,,"United States","Sep 1, 2006","United States of America","2006-09-01","9","1","Virgo","America"
"user_000893","m",,"United States","Mar 29, 2006","United States of America","2006-03-29","3","29","Aries","America"
"user_000894","m",,"Colombia","Dec 2, 2005","Colombia","2005-12-02","12","2","Sagittarius","America"
"user_000895","m",,"Canada","Feb 2, 2006","Canada","2006-02-02","2","2","Aquarius","America"
"user_000896","m",,"United States","Apr 2, 2003","United States of America","2003-04-02","4","2","Aries","America"
"user_000897",,,,"Feb 18, 2007",,"2007-02-18","2","18","Aquarius",
"user_000898","m",,"United States","Nov 28, 2003","United States of America","2003-11-28","11","28","Sagittarius","America"
"user_000899","m",,"Canada","Oct 7, 2005","Canada","2005-10-07","10","7","Libra","America"
"user_000900","f",,"Poland","Mar 17, 2006","Poland","2006-03-17","3","17","Pisces","Europe"
"user_000901","f",,"Argentina","May 9, 2006","Argentina","2006-05-09","5","9","Taurus","America"
"user_000902","f",,,"Feb 3, 2006",,"2006-02-03","2","3","Aquarius",
"user_000903","m",,"Belgium","Dec 18, 2006","Belgium","2006-12-18","12","18","Sagittarius","Europe"
"user_000904","m",,"United States","Dec 15, 2006","United States of America","2006-12-15","12","15","Sagittarius","America"
"user_000905","m",,"Brazil","Apr 18, 2006","Brazil","2006-04-18","4","18","Aries","America"
"user_000906","m",,"Germany","Jan 12, 2006","Germany","2006-01-12","1","12","Capricorn","Europe"
"user_000907","f",,"Poland","Jan 26, 2007","Poland","2007-01-26","1","26","Aquarius","Europe"
"user_000908","m",,"Germany","Apr 5, 2005","Germany","2005-04-05","4","5","Aries","Europe"
"user_000909","m",,"Sweden","Apr 29, 2005","Sweden","2005-04-29","4","29","Taurus","Europe"
"user_000910","m",,"United States","Sep 26, 2004","United States of America","2004-09-26","9","26","Libra","America"
"user_000911","m",,"United States","Jul 9, 2005","United States of America","2005-07-09","7","9","Cancer","America"
"user_000912","m",,"United Kingdom","Jan 8, 2006","United Kingdom","2006-01-08","1","8","Capricorn","Europe"
"user_000913","m",,"United States","Aug 26, 2004","United States of America","2004-08-26","8","26","Virgo","America"
"user_000914",,,"United States","Jan 29, 2005","United States of America","2005-01-29","1","29","Aquarius","America"
"user_000915",,,"Finland","Dec 15, 2004","Finland","2004-12-15","12","15","Sagittarius","Europe"
"user_000916","f",,"Trinidad and Tobago","Mar 7, 2006","Trinidad and Tobago","2006-03-07","3","7","Pisces","America"
"user_000917","m",,"United States","Mar 14, 2006","United States of America","2006-03-14","3","14","Pisces","America"
"user_000918","m",,,"May 15, 2006",,"2006-05-15","5","15","Taurus",
"user_000919","m",,"United States","May 31, 2007","United States of America","2007-05-31","5","31","Gemini","America"
"user_000920","f",,"United States","Sep 14, 2005","United States of America","2005-09-14","9","14","Virgo","America"
"user_000921","m",,"Russian Federation","May 23, 2006","Russia","2006-05-23","5","23","Gemini","Europe"
"user_000922","m",,"United Kingdom","May 21, 2004","United Kingdom","2004-05-21","5","21","Gemini","Europe"
"user_000923","m",,"United Kingdom","Jan 28, 2005","United Kingdom","2005-01-28","1","28","Aquarius","Europe"
"user_000924","f",,"United States","May 30, 2005","United States of America","2005-05-30","5","30","Gemini","America"
"user_000925","f",,"Norway","Mar 6, 2006","Norway","2006-03-06","3","6","Pisces","Europe"
"user_000926","f",,"Turkey","Sep 27, 2006","Turkey","2006-09-27","9","27","Libra","Asia"
"user_000927","m",,"Poland","Aug 29, 2006","Poland","2006-08-29","8","29","Virgo","Europe"
"user_000928","m",,"United States","Aug 11, 2005","United States of America","2005-08-11","8","11","Leo","America"
"user_000929","m",,"Turkey","Nov 21, 2004","Turkey","2004-11-21","11","21","Scorpio","Asia"
"user_000930","f",,,"Jun 14, 2007",,"2007-06-14","6","14","Gemini",
"user_000931","m",,"Italy","Feb 19, 2007","Italy","2007-02-19","2","19","Pisces","Europe"
"user_000932","f",,"Poland","Jun 2, 2007","Poland","2007-06-02","6","2","Gemini","Europe"
"user_000933","m",,"Turkey","May 3, 2006","Turkey","2006-05-03","5","3","Taurus","Asia"
"user_000934","m",,"Northern Mariana Islands","May 13, 2006","Northern Mariana Islands","2006-05-13","5","13","Taurus","Australia and Oceania"
"user_000935","f",,"Finland","Oct 24, 2004","Finland","2004-10-24","10","24","Scorpio","Europe"
"user_000936","f",,"Finland","Jul 3, 2005","Finland","2005-07-03","7","3","Cancer","Europe"
"user_000937","f",,"United Kingdom","Jun 30, 2007","United Kingdom","2007-06-30","6","30","Cancer","Europe"
"user_000938","m",,"United States","Sep 29, 2004","United States of America","2004-09-29","9","29","Libra","America"
"user_000939","f",,"Canada","Dec 19, 2005","Canada","2005-12-19","12","19","Sagittarius","America"
"user_000940","m",,"United Kingdom","Jan 4, 2007","United Kingdom","2007-01-04","1","4","Capricorn","Europe"
"user_000941","m",,"Spain","Dec 16, 2006","Spain","2006-12-16","12","16","Sagittarius","Europe"
"user_000942","m",,"Germany","Sep 5, 2004","Germany","2004-09-05","9","5","Virgo","Europe"
"user_000943","m",,"Sweden","Oct 9, 2005","Sweden","2005-10-09","10","9","Libra","Europe"
"user_000944","m",,"Ireland","Jul 18, 2006","Ireland","2006-07-18","7","18","Cancer","Europe"
"user_000945","f",,"United Kingdom","May 27, 2006","United Kingdom","2006-05-27","5","27","Gemini","Europe"
"user_000946",,,"Netherlands","Apr 11, 2006","Netherlands","2006-04-11","4","11","Aries","Europe"
"user_000947","m",,"Australia","Sep 18, 2006","Australia","2006-09-18","9","18","Virgo","Australia and Oceania"
"user_000948","m",,"United States","Apr 23, 2006","United States of America","2006-04-23","4","23","Taurus","America"
"user_000949","f",,"United States","May 30, 2005","United States of America","2005-05-30","5","30","Gemini","America"
"user_000950",,,"Chile","Jan 13, 2007","Chile","2007-01-13","1","13","Capricorn","America"
"user_000951","f",,"Netherlands","Feb 28, 2006","Netherlands","2006-02-28","2","28","Pisces","Europe"
"user_000952","f",,"Estonia","May 31, 2006","Estonia","2006-05-31","5","31","Gemini","Europe"
"user_000953","m",,"United Kingdom","Aug 15, 2007","United Kingdom","2007-08-15","8","15","Leo","Europe"
"user_000954","m",,"Germany","Dec 4, 2005","Germany","2005-12-04","12","4","Sagittarius","Europe"
"user_000955","f",,"France","Jun 8, 2006","France","2006-06-08","6","8","Gemini","Europe"
"user_000956","f",,"Poland","Sep 25, 2007","Poland","2007-09-25","9","25","Libra","Europe"
"user_000957","m",,"Finland","Mar 29, 2005","Finland","2005-03-29","3","29","Aries","Europe"
"user_000958","m",,"Mexico","Aug 26, 2005","Mexico","2005-08-26","8","26","Virgo","America"
"user_000959","m",,"United States","Jun 3, 2006","United States of America","2006-06-03","6","3","Gemini","America"
"user_000960","m",,"United States","Jul 9, 2007","United States of America","2007-07-09","7","9","Cancer","America"
"user_000961","m",,"United States","Apr 7, 2003","United States of America","2003-04-07","4","7","Aries","America"
"user_000962","m",,"United States","Apr 3, 2004","United States of America","2004-04-03","4","3","Aries","America"
"user_000963",,,,"Apr 19, 2004",,"2004-04-19","4","19","Aries",
"user_000964","m",,"China","Oct 27, 2006","China","2006-10-27","10","27","Scorpio","Asia"
"user_000965","m",,"Netherlands","Jul 20, 2007","Netherlands","2007-07-20","7","20","Cancer","Europe"
"user_000966",,,"United States","May 20, 2004","United States of America","2004-05-20","5","20","Taurus","America"
"user_000967","f",,"Bosnia and Herzegovina","Jan 12, 2006","Bosnia and Herzegovina","2006-01-12","1","12","Capricorn","Europe"
"user_000968","m",,"Germany","Nov 8, 2005","Germany","2005-11-08","11","8","Scorpio","Europe"
"user_000969","m",,"Russian Federation","Dec 18, 2006","Russia","2006-12-18","12","18","Sagittarius","Europe"
"user_000970","m",,"New Zealand","Feb 6, 2006","New Zealand","2006-02-06","2","6","Aquarius","Australia and Oceania"
"user_000971","f",,"United States","Jan 12, 2005","United States of America","2005-01-12","1","12","Capricorn","America"
"user_000972","f",,"Russian Federation","Nov 13, 2006","Russia","2006-11-13","11","13","Scorpio","Europe"
"user_000973","m",,"Russian Federation","Feb 23, 2007","Russia","2007-02-23","2","23","Pisces","Europe"
"user_000974","f",,"United States","Apr 29, 2006","United States of America","2006-04-29","4","29","Taurus","America"
"user_000975",,,,"Mar 23, 2006",,"2006-03-23","3","23","Aries",
"user_000977","m",,"United Kingdom","Mar 7, 2006","United Kingdom","2006-03-07","3","7","Pisces","Europe"
"user_000978","m",,"Turkey","Aug 24, 2005","Turkey","2005-08-24","8","24","Virgo","Asia"
"user_000979","f",,"Turkey","Apr 25, 2007","Turkey","2007-04-25","4","25","Taurus","Asia"
"user_000980","f",,"United Kingdom","Jun 16, 2007","United Kingdom","2007-06-16","6","16","Gemini","Europe"
"user_000981","f",,"Croatia","Mar 29, 2006","Croatia","2006-03-29","3","29","Aries","Europe"
"user_000982","f",,"Turkey","Oct 28, 2006","Turkey","2006-10-28","10","28","Scorpio","Asia"
"user_000983","f",,"Canada","Nov 5, 2004","Canada","2004-11-05","11","5","Scorpio","America"
"user_000984","f",,"United States","Jul 2, 2005","United States of America","2005-07-02","7","2","Cancer","America"
"user_000985","f",,"Australia","May 22, 2006","Australia","2006-05-22","5","22","Gemini","Australia and Oceania"
"user_000986","m",,"Sweden","Apr 12, 2005","Sweden","2005-04-12","4","12","Aries","Europe"
"user_000987","f",,"United States","Oct 30, 2006","United States of America","2006-10-30","10","30","Scorpio","America"
"user_000989","f",,"Canada","Nov 30, 2005","Canada","2005-11-30","11","30","Sagittarius","America"
"user_000990","f",,"Bulgaria","Sep 15, 2005","Bulgaria","2005-09-15","9","15","Virgo","Europe"
"user_000991","f",,"Finland","Jan 29, 2006","Finland","2006-01-29","1","29","Aquarius","Europe"
"user_000992","m",,"Sweden","Nov 22, 2006","Sweden","2006-11-22","11","22","Sagittarius","Europe"
"user_000993","m",,"Finland","Sep 6, 2006","Finland","2006-09-06","9","6","Virgo","Europe"
"user_000994","m",,,"Apr 18, 2006",,"2006-04-18","4","18","Aries",
"user_000995","f",,"Australia","Jan 22, 2006","Australia","2006-01-22","1","22","Aquarius","Australia and Oceania"
"user_000996","f",,"United States","Jul 17, 2006","United States of America","2006-07-17","7","17","Cancer","America"
"user_000997","m",,"United States","Jan 5, 2007","United States of America","2007-01-05","1","5","Capricorn","America"
"user_000998","m",,"United Kingdom","Sep 28, 2005","United Kingdom","2005-09-28","9","28","Libra","Europe"
"user_000999","f",,"Poland","Jul 24, 2007","Poland","2007-07-24","7","24","Leo","Europe"
"user_001000","m",,"United States","Mar 24, 2007","United States of America","2007-03-24","3","24","Aries","America"
