"horoscope","date","day","month"
"Capricorn","1-Jan","1","1"
"Capricorn","2-Jan","2","1"
"Capricorn","3-Jan","3","1"
"Capricorn","4-Jan","4","1"
"Capricorn","5-Jan","5","1"
"Capricorn","6-Jan","6","1"
"Capricorn","7-Jan","7","1"
"Capricorn","8-Jan","8","1"
"Capricorn","9-Jan","9","1"
"Capricorn","10-Jan","10","1"
"Capricorn","11-Jan","11","1"
"Capricorn","12-Jan","12","1"
"Capricorn","13-Jan","13","1"
"Capricorn","14-Jan","14","1"
"Capricorn","15-Jan","15","1"
"Capricorn","16-Jan","16","1"
"Capricorn","17-Jan","17","1"
"Capricorn","18-Jan","18","1"
"Capricorn","19-Jan","19","1"
"Aquarius","20-Jan","20","1"
"Aquarius","21-Jan","21","1"
"Aquarius","22-Jan","22","1"
"Aquarius","23-Jan","23","1"
"Aquarius","24-Jan","24","1"
"Aquarius","25-Jan","25","1"
"Aquarius","26-Jan","26","1"
"Aquarius","27-Jan","27","1"
"Aquarius","28-Jan","28","1"
"Aquarius","29-Jan","29","1"
"Aquarius","30-Jan","30","1"
"Aquarius","31-Jan","31","1"
"Aquarius","1-Feb","1","2"
"Aquarius","2-Feb","2","2"
"Aquarius","3-Feb","3","2"
"Aquarius","4-Feb","4","2"
"Aquarius","5-Feb","5","2"
"Aquarius","6-Feb","6","2"
"Aquarius","7-Feb","7","2"
"Aquarius","8-Feb","8","2"
"Aquarius","9-Feb","9","2"
"Aquarius","10-Feb","10","2"
"Aquarius","11-Feb","11","2"
"Aquarius","12-Feb","12","2"
"Aquarius","13-Feb","13","2"
"Aquarius","14-Feb","14","2"
"Aquarius","15-Feb","15","2"
"Aquarius","16-Feb","16","2"
"Aquarius","17-Feb","17","2"
"Aquarius","18-Feb","18","2"
"Pisces","19-Feb","19","2"
"Pisces","20-Feb","20","2"
"Pisces","21-Feb","21","2"
"Pisces","22-Feb","22","2"
"Pisces","23-Feb","23","2"
"Pisces","24-Feb","24","2"
"Pisces","25-Feb","25","2"
"Pisces","26-Feb","26","2"
"Pisces","27-Feb","27","2"
"Pisces","28-Feb","28","2"
"Pisces","1-Mar","1","3"
"Pisces","2-Mar","2","3"
"Pisces","3-Mar","3","3"
"Pisces","4-Mar","4","3"
"Pisces","5-Mar","5","3"
"Pisces","6-Mar","6","3"
"Pisces","7-Mar","7","3"
"Pisces","8-Mar","8","3"
"Pisces","9-Mar","9","3"
"Pisces","10-Mar","10","3"
"Pisces","11-Mar","11","3"
"Pisces","12-Mar","12","3"
"Pisces","13-Mar","13","3"
"Pisces","14-Mar","14","3"
"Pisces","15-Mar","15","3"
"Pisces","16-Mar","16","3"
"Pisces","17-Mar","17","3"
"Pisces","18-Mar","18","3"
"Pisces","19-Mar","19","3"
"Pisces","20-Mar","20","3"
"Aries","21-Mar","21","3"
"Aries","22-Mar","22","3"
"Aries","23-Mar","23","3"
"Aries","24-Mar","24","3"
"Aries","25-Mar","25","3"
"Aries","26-Mar","26","3"
"Aries","27-Mar","27","3"
"Aries","28-Mar","28","3"
"Aries","29-Mar","29","3"
"Aries","30-Mar","30","3"
"Aries","31-Mar","31","3"
"Aries","1-Apr","1","4"
"Aries","2-Apr","2","4"
"Aries","3-Apr","3","4"
"Aries","4-Apr","4","4"
"Aries","5-Apr","5","4"
"Aries","6-Apr","6","4"
"Aries","7-Apr","7","4"
"Aries","8-Apr","8","4"
"Aries","9-Apr","9","4"
"Aries","10-Apr","10","4"
"Aries","11-Apr","11","4"
"Aries","12-Apr","12","4"
"Aries","13-Apr","13","4"
"Aries","14-Apr","14","4"
"Aries","15-Apr","15","4"
"Aries","16-Apr","16","4"
"Aries","17-Apr","17","4"
"Aries","18-Apr","18","4"
"Aries","19-Apr","19","4"
"Taurus","20-Apr","20","4"
"Taurus","21-Apr","21","4"
"Taurus","22-Apr","22","4"
"Taurus","23-Apr","23","4"
"Taurus","24-Apr","24","4"
"Taurus","25-Apr","25","4"
"Taurus","26-Apr","26","4"
"Taurus","27-Apr","27","4"
"Taurus","28-Apr","28","4"
"Taurus","29-Apr","29","4"
"Taurus","30-Apr","30","4"
"Taurus","1-May","1","5"
"Taurus","2-May","2","5"
"Taurus","3-May","3","5"
"Taurus","4-May","4","5"
"Taurus","5-May","5","5"
"Taurus","6-May","6","5"
"Taurus","7-May","7","5"
"Taurus","8-May","8","5"
"Taurus","9-May","9","5"
"Taurus","10-May","10","5"
"Taurus","11-May","11","5"
"Taurus","12-May","12","5"
"Taurus","13-May","13","5"
"Taurus","14-May","14","5"
"Taurus","15-May","15","5"
"Taurus","16-May","16","5"
"Taurus","17-May","17","5"
"Taurus","18-May","18","5"
"Taurus","19-May","19","5"
"Taurus","20-May","20","5"
"Gemini","21-May","21","5"
"Gemini","22-May","22","5"
"Gemini","23-May","23","5"
"Gemini","24-May","24","5"
"Gemini","25-May","25","5"
"Gemini","26-May","26","5"
"Gemini","27-May","27","5"
"Gemini","28-May","28","5"
"Gemini","29-May","29","5"
"Gemini","30-May","30","5"
"Gemini","31-May","31","5"
"Gemini","1-Jun","1","6"
"Gemini","2-Jun","2","6"
"Gemini","3-Jun","3","6"
"Gemini","4-Jun","4","6"
"Gemini","5-Jun","5","6"
"Gemini","6-Jun","6","6"
"Gemini","7-Jun","7","6"
"Gemini","8-Jun","8","6"
"Gemini","9-Jun","9","6"
"Gemini","10-Jun","10","6"
"Gemini","11-Jun","11","6"
"Gemini","12-Jun","12","6"
"Gemini","13-Jun","13","6"
"Gemini","14-Jun","14","6"
"Gemini","15-Jun","15","6"
"Gemini","16-Jun","16","6"
"Gemini","17-Jun","17","6"
"Gemini","18-Jun","18","6"
"Gemini","19-Jun","19","6"
"Gemini","20-Jun","20","6"
"Cancer","21-Jun","21","6"
"Cancer","22-Jun","22","6"
"Cancer","23-Jun","23","6"
"Cancer","24-Jun","24","6"
"Cancer","25-Jun","25","6"
"Cancer","26-Jun","26","6"
"Cancer","27-Jun","27","6"
"Cancer","28-Jun","28","6"
"Cancer","29-Jun","29","6"
"Cancer","30-Jun","30","6"
"Cancer","1-Jul","1","7"
"Cancer","2-Jul","2","7"
"Cancer","3-Jul","3","7"
"Cancer","4-Jul","4","7"
"Cancer","5-Jul","5","7"
"Cancer","6-Jul","6","7"
"Cancer","7-Jul","7","7"
"Cancer","8-Jul","8","7"
"Cancer","9-Jul","9","7"
"Cancer","10-Jul","10","7"
"Cancer","11-Jul","11","7"
"Cancer","12-Jul","12","7"
"Cancer","13-Jul","13","7"
"Cancer","14-Jul","14","7"
"Cancer","15-Jul","15","7"
"Cancer","16-Jul","16","7"
"Cancer","17-Jul","17","7"
"Cancer","18-Jul","18","7"
"Cancer","19-Jul","19","7"
"Cancer","20-Jul","20","7"
"Cancer","21-Jul","21","7"
"Cancer","22-Jul","22","7"
"Leo","23-Jul","23","7"
"Leo","24-Jul","24","7"
"Leo","25-Jul","25","7"
"Leo","26-Jul","26","7"
"Leo","27-Jul","27","7"
"Leo","28-Jul","28","7"
"Leo","29-Jul","29","7"
"Leo","30-Jul","30","7"
"Leo","31-Jul","31","7"
"Leo","1-Aug","1","8"
"Leo","2-Aug","2","8"
"Leo","3-Aug","3","8"
"Leo","4-Aug","4","8"
"Leo","5-Aug","5","8"
"Leo","6-Aug","6","8"
"Leo","7-Aug","7","8"
"Leo","8-Aug","8","8"
"Leo","9-Aug","9","8"
"Leo","10-Aug","10","8"
"Leo","11-Aug","11","8"
"Leo","12-Aug","12","8"
"Leo","13-Aug","13","8"
"Leo","14-Aug","14","8"
"Leo","15-Aug","15","8"
"Leo","16-Aug","16","8"
"Leo","17-Aug","17","8"
"Leo","18-Aug","18","8"
"Leo","19-Aug","19","8"
"Leo","20-Aug","20","8"
"Leo","21-Aug","21","8"
"Leo","22-Aug","22","8"
"Virgo","23-Aug","23","8"
"Virgo","24-Aug","24","8"
"Virgo","25-Aug","25","8"
"Virgo","26-Aug","26","8"
"Virgo","27-Aug","27","8"
"Virgo","28-Aug","28","8"
"Virgo","29-Aug","29","8"
"Virgo","30-Aug","30","8"
"Virgo","31-Aug","31","8"
"Virgo","1-Sep","1","9"
"Virgo","2-Sep","2","9"
"Virgo","3-Sep","3","9"
"Virgo","4-Sep","4","9"
"Virgo","5-Sep","5","9"
"Virgo","6-Sep","6","9"
"Virgo","7-Sep","7","9"
"Virgo","8-Sep","8","9"
"Virgo","9-Sep","9","9"
"Virgo","10-Sep","10","9"
"Virgo","11-Sep","11","9"
"Virgo","12-Sep","12","9"
"Virgo","13-Sep","13","9"
"Virgo","14-Sep","14","9"
"Virgo","15-Sep","15","9"
"Virgo","16-Sep","16","9"
"Virgo","17-Sep","17","9"
"Virgo","18-Sep","18","9"
"Virgo","19-Sep","19","9"
"Virgo","20-Sep","20","9"
"Virgo","21-Sep","21","9"
"Virgo","22-Sep","22","9"
"Libra","23-Sep","23","9"
"Libra","24-Sep","24","9"
"Libra","25-Sep","25","9"
"Libra","26-Sep","26","9"
"Libra","27-Sep","27","9"
"Libra","28-Sep","28","9"
"Libra","29-Sep","29","9"
"Libra","30-Sep","30","9"
"Libra","1-Oct","1","10"
"Libra","2-Oct","2","10"
"Libra","3-Oct","3","10"
"Libra","4-Oct","4","10"
"Libra","5-Oct","5","10"
"Libra","6-Oct","6","10"
"Libra","7-Oct","7","10"
"Libra","8-Oct","8","10"
"Libra","9-Oct","9","10"
"Libra","10-Oct","10","10"
"Libra","11-Oct","11","10"
"Libra","12-Oct","12","10"
"Libra","13-Oct","13","10"
"Libra","14-Oct","14","10"
"Libra","15-Oct","15","10"
"Libra","16-Oct","16","10"
"Libra","17-Oct","17","10"
"Libra","18-Oct","18","10"
"Libra","19-Oct","19","10"
"Libra","20-Oct","20","10"
"Libra","21-Oct","21","10"
"Libra","22-Oct","22","10"
"Scorpio","23-Oct","23","10"
"Scorpio","24-Oct","24","10"
"Scorpio","25-Oct","25","10"
"Scorpio","26-Oct","26","10"
"Scorpio","27-Oct","27","10"
"Scorpio","28-Oct","28","10"
"Scorpio","29-Oct","29","10"
"Scorpio","30-Oct","30","10"
"Scorpio","31-Oct","31","10"
"Scorpio","1-Nov","1","11"
"Scorpio","2-Nov","2","11"
"Scorpio","3-Nov","3","11"
"Scorpio","4-Nov","4","11"
"Scorpio","5-Nov","5","11"
"Scorpio","6-Nov","6","11"
"Scorpio","7-Nov","7","11"
"Scorpio","8-Nov","8","11"
"Scorpio","9-Nov","9","11"
"Scorpio","10-Nov","10","11"
"Scorpio","11-Nov","11","11"
"Scorpio","12-Nov","12","11"
"Scorpio","13-Nov","13","11"
"Scorpio","14-Nov","14","11"
"Scorpio","15-Nov","15","11"
"Scorpio","16-Nov","16","11"
"Scorpio","17-Nov","17","11"
"Scorpio","18-Nov","18","11"
"Scorpio","19-Nov","19","11"
"Scorpio","20-Nov","20","11"
"Scorpio","21-Nov","21","11"
"Sagittarius","22-Nov","22","11"
"Sagittarius","23-Nov","23","11"
"Sagittarius","24-Nov","24","11"
"Sagittarius","25-Nov","25","11"
"Sagittarius","26-Nov","26","11"
"Sagittarius","27-Nov","27","11"
"Sagittarius","28-Nov","28","11"
"Sagittarius","29-Nov","29","11"
"Sagittarius","30-Nov","30","11"
"Sagittarius","1-Dec","1","12"
"Sagittarius","2-Dec","2","12"
"Sagittarius","3-Dec","3","12"
"Sagittarius","4-Dec","4","12"
"Sagittarius","5-Dec","5","12"
"Sagittarius","6-Dec","6","12"
"Sagittarius","7-Dec","7","12"
"Sagittarius","8-Dec","8","12"
"Sagittarius","9-Dec","9","12"
"Sagittarius","10-Dec","10","12"
"Sagittarius","11-Dec","11","12"
"Sagittarius","12-Dec","12","12"
"Sagittarius","13-Dec","13","12"
"Sagittarius","14-Dec","14","12"
"Sagittarius","15-Dec","15","12"
"Sagittarius","16-Dec","16","12"
"Sagittarius","17-Dec","17","12"
"Sagittarius","18-Dec","18","12"
"Sagittarius","19-Dec","19","12"
"Sagittarius","20-Dec","20","12"
"Sagittarius","21-Dec","21","12"
"Capricorn","22-Dec","22","12"
"Capricorn","23-Dec","23","12"
"Capricorn","24-Dec","24","12"
"Capricorn","25-Dec","25","12"
"Capricorn","26-Dec","26","12"
"Capricorn","27-Dec","27","12"
"Capricorn","28-Dec","28","12"
"Capricorn","29-Dec","29","12"
"Capricorn","30-Dec","30","12"
"Capricorn","31-Dec","31","12"
