"pais","country","continente","continent"
"Bosnia y Herzegovina","Bosnia and Herzegovina","Europa","Europe"
"Costa Rica","Costa Rica","América","America"
"Eritrea","Eritrea","África","Africa"
"Islas Georgias del Sur y Sandwich del Sur","South Georgia and the South Sandwich Islands","América","America"
"Islas Ultramarinas Menores de Estados Unidos","United States Minor Outlying Islands","Sin continente","Without continent"
"Israel","Israel","Asia","Asia"
"Japón","Japan","Asia","Asia"
"Jersey","Jersey","Europa","Europe"
"Kiribati","Kiribati","Australia y Oceanía","Australia and Oceania"
"Lituania","Lithuania","Europa","Europe"
"Luxemburgo","Luxembourg","Europa","Europe"
"Nigeria","Nigeria","África","Africa"
"Paraguay","Paraguay","América","America"
"Sahara Occidental","Western Sahara","África","Africa"
"San Bartolomé","Saint Barthélemy","América","America"
"Somalia","Somalia","África","Africa"
"Territorios Australes y Antárticas Franceses","French Southern Territories","Sin continente","Without continent"
"Zambia","Zambia","África","Africa"
"China","China","Asia","Asia"
"Egipto","Egypt","África","Africa"
"Congo","Congo","África","Africa"
"Ecuador","Ecuador","América","America"
"Emiratos Árabes Unidos","United Arab Emirates","Asia","Asia"
"Etiopía","Ethiopia","África","Africa"
"Isla Norfolk","Norfolk Island","Australia y Oceanía","Australia and Oceania"
"Islas Vírgenes de los Estados Unidos","United States Virgin Islands","América","America"
"Ghana","Ghana","África","Africa"
"Guernsey","Guernsey","Europa","Europe"
"Haití","Haiti","América","America"
"Irak","Iraq","Asia","Asia"
"Islas Malvinas","Falkland Islands (Malvinas)","América","America"
"Islas Pitcairn","Pitcairn Islands","Australia y Oceanía","Australia and Oceania"
"Letonia","Latvia","Europa","Europe"
"Mónaco","Monaco","Europa","Europe"
"Polinesia Francesa","French Polynesia","Australia y Oceanía","Australia and Oceania"
"Samoa Americana","American Samoa","Australia y Oceanía","Australia and Oceania"
"Santo Tomé y Príncipe","Sao Tome and Principe","África","Africa"
"Siria","Syria","Asia","Asia"
"Sri lanka","Sri Lanka","Asia","Asia"
"Turkmenistán","Turkmenistan","Asia","Asia"
"Ucrania","Ukraine","Europa","Europe"
"Malta","Malta","Europa","Europe"
"Martinica","Martinique","América","America"
"Perú","Peru","América","America"
"Polonia","Poland","Europa","Europe"
"Rumanía","Romania","Europa","Europe"
"Senegal","Senegal","África","Africa"
"Togo","Togo","África","Africa"
"Tuvalu","Tuvalu","Australia y Oceanía","Australia and Oceania"
"Vanuatu","Vanuatu","Australia y Oceanía","Australia and Oceania"
"Zimbabue","Zimbabwe","África","Africa"
"Antigua y Barbuda","Antigua and Barbuda","América","America"
"Australia","Australia","Australia y Oceanía","Australia and Oceania"
"Benín","Benin","África","Africa"
"Bhután","Bhutan","Asia","Asia"
"Brunéi","Brunei","Asia","Asia"
"Chile","Chile","América","America"
"Costa de Marfil","Ivory Coast","África","Africa"
"Dinamarca","Denmark","Europa","Europe"
"Gambia","Gambia","África","Africa"
"Guinea Ecuatorial","Equatorial Guinea","África","Africa"
"Islas Marianas del Norte","Northern Mariana Islands","Australia y Oceanía","Australia and Oceania"
"Islas Turcas y Caicos","Turks and Caicos Islands","América","America"
"Kenia","Kenya","África","Africa"
"Kirgizstán","Kyrgyzstan","Asia","Asia"
"Kuwait","Kuwait","Asia","Asia"
"Qatar","Qatar","Asia","Asia"
"Reunión","Réunion","África","Africa"
"Santa Elena","Ascensión y Tristán de Acuña","África","Africa"
"Tadjikistán","Tajikistan","Asia","Asia"
"Trinidad y Tobago","Trinidad and Tobago","América","America"
"Turquía","Turkey","Asia","Asia"
"Uruguay","Uruguay","América","America"
"Argentina","Argentina","América","America"
"Birmania","Myanmar","Asia","Asia"
"Bulgaria","Bulgaria","Europa","Europe"
"Ciudad del Vaticano","Vatican City State","Europa","Europe"
"Filipinas","Philippines","Asia","Asia"
"Francia","France","Europa","Europe"
"Guam","Guam","Australia y Oceanía","Australia and Oceania"
"Isla de Navidad","Christmas Island","Asia","Asia"
"Islandia","Iceland","Europa","Europe"
"Islas Feroe","Faroe Islands","Europa","Europe"
"Mongolia","Mongolia","Asia","Asia"
"Noruega","Norway","Europa","Europe"
"República Dominicana","Dominican Republic","América","America"
"Swazilandia","Swaziland","África","Africa"
"Tunez","Tunisia","África","Africa"
"Uzbekistán","Uzbekistan","Asia","Asia"
"Alemania","Germany","Europa","Europe"
"Belice","Belize","América","America"
"Congo","Congo","África","Africa"
"España","Spain","Europa","Europe"
"Estados Unidos de América","United States of America","América","America"
"Honduras","Honduras","América","America"
"Islas Vírgenes Británicas","Virgin Islands","América","America"
"Líbano","Lebanon","Asia","Asia"
"Mauritania","Mauritania","África","Africa"
"Mozambique","Mozambique","África","Africa"
"Pakistán","Pakistan","Asia","Asia"
"Palestina","Palestine","Asia","Asia"
"Svalbard y Jan Mayen","Svalbard and Jan Mayen","Europa","Europe"
"Albania","Albania","Europa","Europe"
"Arabia Saudita","Saudi Arabia","Asia","Asia"
"Botsuana","Botswana","África","Africa"
"Camerún","Cameroon","África","Africa"
"Isla Bouvet","Bouvet Island","Antártida","Antarctica"
"Islas Caimán","Cayman Islands","América","America"
"Laos","Laos","Asia","Asia"
"Liberia","Liberia","África","Africa"
"Mauricio","Mauritius","África","Africa"
"Mayotte","Mayotte","África","Africa"
"Nueva Zelanda","New Zealand","Australia y Oceanía","Australia and Oceania"
"Rusia","Russia","Europa","Europe"
"San Marino","San Marino","Europa","Europe"
"Seychelles","Seychelles","África","Africa"
"Yemen","Yemen","Asia","Asia"
"Anguila","Anguilla","América","America"
"Colombia","Colombia","América","America"
"Corea del Norte","North Korea","Asia","Asia"
"Croacia","Croatia","Europa","Europe"
"Estonia","Estonia","Europa","Europe"
"Guinea","Guinea","África","Africa"
"Islas Bermudas","Bermuda Islands","América","America"
"Islas de Åland","Åland Islands","Europa","Europe"
"Malawi","Malawi","África","Africa"
"Niue","Niue","Australia y Oceanía","Australia and Oceania"
"Nueva Caledonia","New Caledonia","Australia y Oceanía","Australia and Oceania"
"Ruanda","Rwanda","África","Africa"
"San Cristóbal y Nieves","Saint Kitts and Nevis","América","America"
"Singapur","Singapore","Asia","Asia"
"Tailandia","Thailand","Asia","Asia"
"Timor Oriental","East Timor","Asia","Asia"
"Tokelau","Tokelau","Australia y Oceanía","Australia and Oceania"
"Uganda","Uganda","África","Africa"
"Venezuela","Venezuela","América","America"
"Bélgica","Belgium","Europa","Europe"
"Antillas Neerlandesas","Netherlands Antilles","América","America"
"Bahrein","Bahrain","Asia","Asia"
"Bangladesh","Bangladesh","Asia","Asia"
"Barbados","Barbados","América","America"
"Camboya","Cambodia","Asia","Asia"
"Chipre","Cyprus","Asia","Asia"
"Corea del Sur","South Korea","Asia","Asia"
"Cuba","Cuba","América","America"
"Finlandia","Finland","Europa","Europe"
"Hong kong","Hong Kong","Asia","Asia"
"Islas Cook","Cook Islands","Australia y Oceanía","Australia and Oceania"
"México","Mexico","América","America"
"República Checa","Czech Republic","Europa","Europe"
"Italia","Italy","Europa","Europe"
"Liechtenstein","Liechtenstein","Europa","Europe"
"Panamá","Panama","América","America"
"Papúa Nueva Guinea","Papua New Guinea","Australia y Oceanía","Australia and Oceania"
"San Martín (Francia)","Saint Martin (French part)","América","America"
"Santa Lucía","Saint Lucia","América","America"
"Surinám","Suriname","América","America"
"Tanzania","Tanzania","África","Africa"
"Suecia","Sweden","Europa","Europe"
"Taiwán","Taiwan","Asia","Asia"
"Yibuti","Djibouti","África","Africa"
"Afganistán","Afghanistan","Asia","Asia"
"Armenia","Armenia","Asia","Asia"
"Azerbayán","Azerbaijan","Asia","Asia"
"Bahamas","Bahamas","América","America"
"Burundi","Burundi","África","Africa"
"Chad","Chad","África","Africa"
"Dominica","Dominica","América","America"
"Fiyi","Fiji","Australia y Oceanía","Australia and Oceania"
"Georgia","Georgia","Asia","Asia"
"Guinea-Bissau","Guinea-Bissau","África","Africa"
"Guyana","Guyana","América","America"
"Macedônia","Macedonia","Europa","Europe"
"Madagascar","Madagascar","África","Africa"
"Mali","Mali","África","Africa"
"Nicaragua","Nicaragua","América","America"
"Omán","Oman","Asia","Asia"
"San Vicente y las Granadinas","Saint Vincent and the Grenadines","América","America"
"Sudán","Sudan","África","Africa"
"Tonga","Tonga","Australia y Oceanía","Australia and Oceania"
"Bolivia","Bolivia","América","America"
"Brasil","Brazil","América","America"
"Canadá","Canada","América","America"
"Gibraltar","Gibraltar","Europa","Europe"
"Granada","Grenada","América","America"
"Grecia","Greece","Europa","Europe"
"Guayana Francesa","French Guiana","América","America"
"India","India","Asia","Asia"
"Irán","Iran","Asia","Asia"
"Islas Maldivas","Maldives","Asia","Asia"
"Kazajistán","Kazakhstan","Asia","Asia"
"Malasia","Malaysia","Asia","Asia"
"Micronesia","Estados Federados de","Australia y Oceanía","Australia and Oceania"
"Samoa","Samoa","Australia y Oceanía","Australia and Oceania"
"Serbia","Serbia","Europa","Europe"
"Aruba","Aruba","América","America"
"Bielorrusia","Belarus","Europa","Europe"
"Burkina Faso","Burkina Faso","África","Africa"
"Eslovaquia","Slovakia","Europa","Europe"
"Eslovenia","Slovenia","Europa","Europe"
"Guadalupe","Guadeloupe","América","America"
"Islas Cocos (Keeling)","Cocos (Keeling) Islands","Asia","Asia"
"Islas Marshall","Marshall Islands","Australia y Oceanía","Australia and Oceania"
"Islas Salomón","Solomon Islands","Australia y Oceanía","Australia and Oceania"
"Jordania","Jordan","Asia","Asia"
"Libia","Libya","África","Africa"
"Montenegro","Montenegro","Europa","Europe"
"San Pedro y Miquelón","Saint Pierre and Miquelon","América","America"
"Territorio Británico del Océano Índico","British Indian Ocean Territory","Sin continente","Without continent"
"Vietnam","Vietnam","Asia","Asia"
"Wallis y Futuna","Wallis and Futuna","Australia y Oceanía","Australia and Oceania"
"Algeria","Algeria","África","Africa"
"Comoras","Comoros","África","Africa"
"Hungría","Hungary","Europa","Europe"
"Jamaica","Jamaica","América","America"
"Países Bajos","Netherlands","Europa","Europe"
"Portugal","Portugal","Europa","Europe"
"Puerto Rico","Puerto Rico","América","America"
"Suiza","Switzerland","Europa","Europe"
"Antártida","Antarctica","Antártida","Antarctica"
"Cabo Verde","Cape Verde","África","Africa"
"El Salvador","El Salvador","América","America"
"Groenlandia","Greenland","América","America"
"Lesoto","Lesotho","África","Africa"
"Marruecos","Morocco","África","Africa"
"Montserrat","Montserrat","América","America"
"Niger","Niger","África","Africa"
"República Centroafricana","Central African Republic","África","Africa"
"Sierra Leona","Sierra Leone","África","Africa"
"Andorra","Andorra","Europa","Europe"
"Angola","Angola","África","Africa"
"Austria","Austria","Europa","Europe"
"Gabón","Gabon","África","Africa"
"Guatemala","Guatemala","América","America"
"Indonesia","Indonesia","Asia","Asia"
"Irlanda","Ireland","Europa","Europe"
"Isla de Man","Isle of Man","Europa","Europe"
"Islas Heard y McDonald","Heard Island and McDonald Islands","Antártida","Antarctica"
"Macao","Macao","Asia","Asia"
"Moldavia","Moldova","Europa","Europe"
"Namibia","Namibia","África","Africa"
"Nauru","Nauru","Australia y Oceanía","Australia and Oceania"
"Nepal","Nepal","Asia","Asia"
"Palau","Palau","Australia y Oceanía","Australia and Oceania"
"Reino Unido","United Kingdom","Europa","Europe"
"Sudáfrica","South Africa","África","Africa"
