"country","horoscope","total_users"
"Algeria","Cancer","1"
"Antarctica","Libra","1"
"Argentina","Gemini","2"
"Argentina","Pisces","2"
"Argentina","Virgo","1"
"Argentina","Taurus","1"
"Argentina","Aquarius","3"
"Armenia","Sagittarius","1"
"Australia","Cancer","2"
"Australia","Pisces","3"
"Australia","Virgo","2"
"Australia","Sagittarius","2"
"Australia","Gemini","3"
"Australia","Libra","1"
"Australia","Aquarius","2"
"Australia","Taurus","5"
"Australia","Leo","2"
"Austria","Leo","1"
"Austria","Sagittarius","1"
"Austria","Aries","1"
"Belarus","Aquarius","1"
"Belgium","Aquarius","1"
"Belgium","Scorpio","2"
"Belgium","Leo","2"
"Belgium","Libra","1"
"Belgium","Cancer","2"
"Belgium","Sagittarius","1"
"Bosnia and Herzegovina","Capricorn","1"
"Brazil","Aquarius","1"
"Brazil","Scorpio","2"
"Brazil","Leo","1"
"Brazil","Sagittarius","2"
"Brazil","Taurus","1"
"Brazil","Cancer","2"
"Brazil","Libra","1"
"Brazil","Pisces","1"
"Brazil","Aries","3"
"Brazil","Gemini","5"
"Brazil","Virgo","1"
"British Indian Ocean Territory","Libra","1"
"Bulgaria","Cancer","2"
"Bulgaria","Virgo","1"
"Bulgaria","Aquarius","1"
"Bulgaria","Gemini","3"
"Canada","Sagittarius","3"
"Canada","Aries","4"
"Canada","Pisces","4"
"Canada","Taurus","5"
"Canada","Gemini","5"
"Canada","Leo","2"
"Canada","Libra","4"
"Canada","Aquarius","2"
"Canada","Virgo","1"
"Canada","Scorpio","1"
"Canada","Cancer","1"
"Chile","Libra","1"
"Chile","Scorpio","1"
"Chile","Sagittarius","3"
"Chile","Virgo","1"
"Chile","Cancer","1"
"Chile","Capricorn","1"
"China","Capricorn","1"
"China","Taurus","1"
"China","Scorpio","1"
"Colombia","Taurus","1"
"Colombia","Sagittarius","1"
"Colombia","Libra","1"
"Congo","Capricorn","2"
"Croatia","Virgo","1"
"Croatia","Taurus","2"
"Croatia","Gemini","1"
"Croatia","Aries","1"
"Croatia","Pisces","1"
"Croatia","Leo","1"
"Czech Republic","Capricorn","1"
"Czech Republic","Virgo","1"
"Czech Republic","Sagittarius","1"
"Czech Republic","Aquarius","1"
"Czech Republic","Pisces","1"
"Estonia","Pisces","2"
"Estonia","Gemini","1"
"Estonia","Taurus","1"
"Finland","Sagittarius","4"
"Finland","Gemini","3"
"Finland","Capricorn","5"
"Finland","Virgo","2"
"Finland","Scorpio","3"
"Finland","Aries","3"
"Finland","Cancer","3"
"Finland","Libra","4"
"Finland","Aquarius","1"
"Finland","Leo","1"
"Finland","Pisces","3"
"France","Taurus","1"
"France","Leo","1"
"France","Pisces","1"
"France","Scorpio","2"
"France","Aries","1"
"France","Aquarius","1"
"France","Sagittarius","1"
"France","Gemini","3"
"France","Cancer","1"
"France","Capricorn","2"
"Germany","Aries","3"
"Germany","Leo","8"
"Germany","Gemini","1"
"Germany","Virgo","2"
"Germany","Scorpio","2"
"Germany","Capricorn","2"
"Germany","Taurus","4"
"Germany","Libra","2"
"Germany","Sagittarius","6"
"Germany","Cancer","2"
"Germany","Pisces","1"
"Germany","Aquarius","3"
"Greece","Taurus","1"
"Greece","Aquarius","1"
"Greece","Virgo","1"
"Hungary","Scorpio","1"
"Hungary","Capricorn","1"
"Hungary","Leo","1"
"Hungary","Sagittarius","1"
"Iceland","Aries","1"
"India","Gemini","1"
"Ireland","Scorpio","2"
"Ireland","Cancer","1"
"Ireland","Sagittarius","1"
"Israel","Libra","1"
"Italy","Pisces","6"
"Italy","Aries","3"
"Italy","Virgo","3"
"Italy","Gemini","2"
"Italy","Leo","2"
"Italy","Capricorn","7"
"Italy","Sagittarius","1"
"Italy","Aquarius","3"
"Ivory Coast","Libra","1"
"Japan","Taurus","1"
"Japan","Sagittarius","1"
"Japan","Scorpio","1"
"Japan","Leo","1"
"Japan","Gemini","1"
"Latvia","Aries","1"
"Latvia","Taurus","1"
"Latvia","Pisces","1"
"Lithuania","Pisces","1"
"Lithuania","Aries","1"
"Lithuania","Capricorn","1"
"Lithuania","Scorpio","1"
"Macedonia","Leo","1"
"Malta","Aquarius","1"
"Mexico","Taurus","2"
"Mexico","Aquarius","1"
"Mexico","Virgo","1"
"Mexico","Gemini","1"
"Mexico","Capricorn","1"
"Mexico","Scorpio","2"
"Mexico","Pisces","2"
"Mexico","Leo","1"
"Mexico","Libra","1"
"Morocco","Taurus","1"
"Morocco","Virgo","1"
"Netherlands","Cancer","1"
"Netherlands","Leo","1"
"Netherlands","Scorpio","2"
"Netherlands","Aries","4"
"Netherlands","Sagittarius","3"
"Netherlands","Taurus","2"
"Netherlands","Virgo","1"
"Netherlands","Gemini","4"
"Netherlands","Libra","3"
"Netherlands","Pisces","2"
"Netherlands Antilles","Libra","1"
"New Zealand","Aquarius","2"
"New Zealand","Gemini","1"
"New Zealand","Sagittarius","2"
"New Zealand","Scorpio","1"
"Nicaragua","Gemini","1"
"Northern Mariana Islands","Taurus","1"
"Norway","Leo","2"
"Norway","Pisces","8"
"Norway","Gemini","1"
"Norway","Scorpio","2"
"Norway","Aries","6"
"Norway","Virgo","1"
"Norway","Cancer","1"
"Norway","Capricorn","1"
"Norway","Sagittarius","6"
"Norway","Aquarius","2"
"Norway","Libra","2"
"Norway","Taurus","3"
"Peru","Scorpio","1"
"Peru","Sagittarius","2"
"Peru","Pisces","2"
"Poland","Sagittarius","2"
"Poland","Capricorn","3"
"Poland","Gemini","6"
"Poland","Virgo","3"
"Poland","Aries","2"
"Poland","Libra","5"
"Poland","Cancer","6"
"Poland","Pisces","5"
"Poland","Scorpio","1"
"Poland","Aquarius","7"
"Poland","Leo","4"
"Poland","Taurus","6"
"Portugal","Sagittarius","1"
"Portugal","Cancer","1"
"Portugal","Libra","1"
"Portugal","Aries","2"
"Portugal","Aquarius","1"
"Portugal","Pisces","1"
"Portugal","Gemini","1"
"Romania","Cancer","1"
"Romania","Libra","2"
"Romania","Gemini","2"
"Romania","Virgo","1"
"Romania","Taurus","1"
"Romania","Leo","1"
"Russia","Aries","1"
"Russia","Taurus","1"
"Russia","Virgo","2"
"Russia","Leo","2"
"Russia","Scorpio","2"
"Russia","Cancer","3"
"Russia","Aquarius","2"
"Russia","Sagittarius","2"
"Russia","Capricorn","1"
"Russia","Libra","1"
"Russia","Pisces","4"
"Russia","Gemini","1"
"Serbia","Scorpio","1"
"Serbia","Gemini","1"
"Serbia","Leo","1"
"Serbia","Aries","1"
"Singapore","Capricorn","1"
"Slovakia","Taurus","1"
"Slovakia","Pisces","2"
"Slovakia","Libra","1"
"Slovenia","Gemini","2"
"South Korea","Aquarius","1"
"Spain","Sagittarius","3"
"Spain","Aries","1"
"Spain","Gemini","4"
"Spain","Aquarius","1"
"Spain","Libra","2"
"Spain","Cancer","1"
"Spain","Virgo","1"
"Spain","Taurus","2"
"Spain","Scorpio","2"
"Sweden","Aries","3"
"Sweden","Taurus","3"
"Sweden","Aquarius","2"
"Sweden","Leo","1"
"Sweden","Cancer","1"
"Sweden","Scorpio","1"
"Sweden","Capricorn","2"
"Sweden","Virgo","1"
"Sweden","Sagittarius","3"
"Sweden","Gemini","3"
"Sweden","Libra","2"
"Sweden","Pisces","2"
"Switzerland","Virgo","1"
"Switzerland","Capricorn","2"
"Switzerland","Scorpio","1"
"Switzerland","Gemini","1"
"Thailand","Cancer","1"
"Thailand","Aquarius","1"
"Thailand","Leo","1"
"Trinidad and Tobago","Leo","1"
"Trinidad and Tobago","Sagittarius","1"
"Trinidad and Tobago","Pisces","1"
"Trinidad and Tobago","Capricorn","1"
"Tunisia","Scorpio","1"
"Turkey","Taurus","3"
"Turkey","Gemini","3"
"Turkey","Leo","1"
"Turkey","Pisces","2"
"Turkey","Virgo","1"
"Turkey","Aquarius","1"
"Turkey","Capricorn","1"
"Turkey","Libra","3"
"Turkey","Scorpio","4"
"Turkey","Sagittarius","4"
"Turkey","Cancer","1"
"Turkey","Aries","4"
"United Kingdom","Scorpio","6"
"United Kingdom","Pisces","19"
"United Kingdom","Leo","9"
"United Kingdom","Aries","11"
"United Kingdom","Gemini","15"
"United Kingdom","Virgo","12"
"United Kingdom","Libra","11"
"United Kingdom","Capricorn","6"
"United Kingdom","Cancer","10"
"United Kingdom","Sagittarius","8"
"United Kingdom","Aquarius","11"
"United Kingdom","Taurus","8"
"United States of America","Sagittarius","29"
"United States of America","Taurus","17"
"United States of America","Capricorn","14"
"United States of America","Leo","20"
"United States of America","Gemini","27"
"United States of America","Scorpio","10"
"United States of America","Pisces","21"
"United States of America","Cancer","22"
"United States of America","Aquarius","27"
"United States of America","Aries","19"
"United States of America","Virgo","13"
"United States of America","Libra","10"
"Venezuela","Virgo","2"
"Venezuela","Leo","2"
"Venezuela","Cancer","1"
"Venezuela","Sagittarius","1"
"Zimbabwe","Virgo","1"
