"country","horoscope","total_users"
"Afghanistan","Sagittarius","0"
"Afghanistan","Pisces","0"
"Afghanistan","Virgo","0"
"Afghanistan","Taurus","0"
"Afghanistan","Cancer","0"
"Afghanistan","Aquarius","0"
"Afghanistan","Scorpio","0"
"Afghanistan","Gemini","0"
"Afghanistan","Libra","0"
"Afghanistan","Aries","0"
"Afghanistan","Leo","0"
"Afghanistan","Capricorn","0"
"Albania","Gemini","0"
"Albania","Virgo","0"
"Albania","Scorpio","0"
"Albania","Leo","0"
"Albania","Cancer","0"
"Albania","Sagittarius","0"
"Albania","Libra","0"
"Albania","Taurus","0"
"Albania","Capricorn","0"
"Albania","Pisces","0"
"Albania","Aquarius","0"
"Albania","Aries","0"
"Algeria","Capricorn","0"
"Algeria","Virgo","0"
"Algeria","Leo","0"
"Algeria","Aquarius","0"
"Algeria","Sagittarius","0"
"Algeria","Taurus","0"
"Algeria","Aries","0"
"Algeria","Scorpio","0"
"Algeria","Pisces","0"
"Algeria","Libra","0"
"Algeria","Gemini","0"
"Algeria","Cancer","1"
"American Samoa","Libra","0"
"American Samoa","Gemini","0"
"American Samoa","Aquarius","0"
"American Samoa","Aries","0"
"American Samoa","Taurus","0"
"American Samoa","Sagittarius","0"
"American Samoa","Cancer","0"
"American Samoa","Leo","0"
"American Samoa","Scorpio","0"
"American Samoa","Pisces","0"
"American Samoa","Capricorn","0"
"American Samoa","Virgo","0"
"Andorra","Capricorn","0"
"Andorra","Scorpio","0"
"Andorra","Gemini","0"
"Andorra","Cancer","0"
"Andorra","Taurus","0"
"Andorra","Pisces","0"
"Andorra","Libra","0"
"Andorra","Virgo","0"
"Andorra","Aries","0"
"Andorra","Leo","0"
"Andorra","Sagittarius","0"
"Andorra","Aquarius","0"
"Angola","Virgo","0"
"Angola","Sagittarius","0"
"Angola","Taurus","0"
"Angola","Scorpio","0"
"Angola","Capricorn","0"
"Angola","Aries","0"
"Angola","Cancer","0"
"Angola","Leo","0"
"Angola","Libra","0"
"Angola","Aquarius","0"
"Angola","Pisces","0"
"Angola","Gemini","0"
"Anguilla","Libra","0"
"Anguilla","Capricorn","0"
"Anguilla","Gemini","0"
"Anguilla","Leo","0"
"Anguilla","Aries","0"
"Anguilla","Sagittarius","0"
"Anguilla","Cancer","0"
"Anguilla","Scorpio","0"
"Anguilla","Pisces","0"
"Anguilla","Virgo","0"
"Anguilla","Aquarius","0"
"Anguilla","Taurus","0"
"Antarctica","Virgo","0"
"Antarctica","Aquarius","0"
"Antarctica","Libra","1"
"Antarctica","Capricorn","0"
"Antarctica","Leo","0"
"Antarctica","Scorpio","0"
"Antarctica","Sagittarius","0"
"Antarctica","Pisces","0"
"Antarctica","Aries","0"
"Antarctica","Cancer","0"
"Antarctica","Taurus","0"
"Antarctica","Gemini","0"
"Antigua and Barbuda","Sagittarius","0"
"Antigua and Barbuda","Gemini","0"
"Antigua and Barbuda","Pisces","0"
"Antigua and Barbuda","Scorpio","0"
"Antigua and Barbuda","Libra","0"
"Antigua and Barbuda","Aquarius","0"
"Antigua and Barbuda","Aries","0"
"Antigua and Barbuda","Cancer","0"
"Antigua and Barbuda","Leo","0"
"Antigua and Barbuda","Taurus","0"
"Antigua and Barbuda","Capricorn","0"
"Antigua and Barbuda","Virgo","0"
"Argentina","Cancer","0"
"Argentina","Aries","0"
"Argentina","Pisces","2"
"Argentina","Sagittarius","0"
"Argentina","Scorpio","0"
"Argentina","Leo","0"
"Argentina","Capricorn","0"
"Argentina","Libra","0"
"Argentina","Aquarius","3"
"Argentina","Virgo","1"
"Argentina","Gemini","2"
"Argentina","Taurus","1"
"Armenia","Virgo","0"
"Armenia","Aries","0"
"Armenia","Taurus","0"
"Armenia","Aquarius","0"
"Armenia","Libra","0"
"Armenia","Capricorn","0"
"Armenia","Gemini","0"
"Armenia","Cancer","0"
"Armenia","Sagittarius","1"
"Armenia","Pisces","0"
"Armenia","Leo","0"
"Armenia","Scorpio","0"
"Aruba","Aquarius","0"
"Aruba","Scorpio","0"
"Aruba","Taurus","0"
"Aruba","Cancer","0"
"Aruba","Virgo","0"
"Aruba","Libra","0"
"Aruba","Sagittarius","0"
"Aruba","Gemini","0"
"Aruba","Capricorn","0"
"Aruba","Aries","0"
"Aruba","Leo","0"
"Aruba","Pisces","0"
"Ascensión y Tristán de Acuña","Cancer","0"
"Ascensión y Tristán de Acuña","Scorpio","0"
"Ascensión y Tristán de Acuña","Leo","0"
"Ascensión y Tristán de Acuña","Aries","0"
"Ascensión y Tristán de Acuña","Taurus","0"
"Ascensión y Tristán de Acuña","Gemini","0"
"Ascensión y Tristán de Acuña","Aquarius","0"
"Ascensión y Tristán de Acuña","Virgo","0"
"Ascensión y Tristán de Acuña","Sagittarius","0"
"Ascensión y Tristán de Acuña","Pisces","0"
"Ascensión y Tristán de Acuña","Libra","0"
"Ascensión y Tristán de Acuña","Capricorn","0"
"Australia","Sagittarius","2"
"Australia","Gemini","3"
"Australia","Virgo","2"
"Australia","Scorpio","0"
"Australia","Taurus","5"
"Australia","Leo","2"
"Australia","Aries","0"
"Australia","Cancer","2"
"Australia","Aquarius","2"
"Australia","Capricorn","0"
"Australia","Pisces","3"
"Australia","Libra","1"
"Austria","Gemini","0"
"Austria","Taurus","0"
"Austria","Leo","1"
"Austria","Virgo","0"
"Austria","Pisces","0"
"Austria","Aries","1"
"Austria","Cancer","0"
"Austria","Scorpio","0"
"Austria","Capricorn","0"
"Austria","Libra","0"
"Austria","Sagittarius","1"
"Austria","Aquarius","0"
"Azerbaijan","Aries","0"
"Azerbaijan","Pisces","0"
"Azerbaijan","Libra","0"
"Azerbaijan","Aquarius","0"
"Azerbaijan","Taurus","0"
"Azerbaijan","Scorpio","0"
"Azerbaijan","Leo","0"
"Azerbaijan","Virgo","0"
"Azerbaijan","Cancer","0"
"Azerbaijan","Sagittarius","0"
"Azerbaijan","Gemini","0"
"Azerbaijan","Capricorn","0"
"Bahamas","Pisces","0"
"Bahamas","Sagittarius","0"
"Bahamas","Aries","0"
"Bahamas","Scorpio","0"
"Bahamas","Leo","0"
"Bahamas","Capricorn","0"
"Bahamas","Cancer","0"
"Bahamas","Libra","0"
"Bahamas","Aquarius","0"
"Bahamas","Taurus","0"
"Bahamas","Virgo","0"
"Bahamas","Gemini","0"
"Bahrain","Gemini","0"
"Bahrain","Aries","0"
"Bahrain","Cancer","0"
"Bahrain","Pisces","0"
"Bahrain","Taurus","0"
"Bahrain","Sagittarius","0"
"Bahrain","Leo","0"
"Bahrain","Scorpio","0"
"Bahrain","Virgo","0"
"Bahrain","Libra","0"
"Bahrain","Aquarius","0"
"Bahrain","Capricorn","0"
"Bangladesh","Capricorn","0"
"Bangladesh","Gemini","0"
"Bangladesh","Aquarius","0"
"Bangladesh","Taurus","0"
"Bangladesh","Cancer","0"
"Bangladesh","Aries","0"
"Bangladesh","Pisces","0"
"Bangladesh","Sagittarius","0"
"Bangladesh","Scorpio","0"
"Bangladesh","Virgo","0"
"Bangladesh","Libra","0"
"Bangladesh","Leo","0"
"Barbados","Pisces","0"
"Barbados","Cancer","0"
"Barbados","Sagittarius","0"
"Barbados","Capricorn","0"
"Barbados","Taurus","0"
"Barbados","Virgo","0"
"Barbados","Scorpio","0"
"Barbados","Gemini","0"
"Barbados","Libra","0"
"Barbados","Leo","0"
"Barbados","Aries","0"
"Barbados","Aquarius","0"
"Belarus","Aries","0"
"Belarus","Cancer","0"
"Belarus","Gemini","0"
"Belarus","Leo","0"
"Belarus","Capricorn","0"
"Belarus","Scorpio","0"
"Belarus","Taurus","0"
"Belarus","Libra","0"
"Belarus","Aquarius","1"
"Belarus","Pisces","0"
"Belarus","Virgo","0"
"Belarus","Sagittarius","0"
"Belgium","Virgo","0"
"Belgium","Aquarius","1"
"Belgium","Libra","1"
"Belgium","Capricorn","0"
"Belgium","Leo","2"
"Belgium","Scorpio","2"
"Belgium","Sagittarius","1"
"Belgium","Pisces","0"
"Belgium","Aries","0"
"Belgium","Cancer","2"
"Belgium","Taurus","0"
"Belgium","Gemini","0"
"Belize","Cancer","0"
"Belize","Taurus","0"
"Belize","Scorpio","0"
"Belize","Pisces","0"
"Belize","Capricorn","0"
"Belize","Aries","0"
"Belize","Sagittarius","0"
"Belize","Leo","0"
"Belize","Aquarius","0"
"Belize","Gemini","0"
"Belize","Libra","0"
"Belize","Virgo","0"
"Benin","Pisces","0"
"Benin","Gemini","0"
"Benin","Aquarius","0"
"Benin","Cancer","0"
"Benin","Leo","0"
"Benin","Capricorn","0"
"Benin","Libra","0"
"Benin","Sagittarius","0"
"Benin","Aries","0"
"Benin","Scorpio","0"
"Benin","Taurus","0"
"Benin","Virgo","0"
"Bermuda Islands","Virgo","0"
"Bermuda Islands","Pisces","0"
"Bermuda Islands","Gemini","0"
"Bermuda Islands","Leo","0"
"Bermuda Islands","Scorpio","0"
"Bermuda Islands","Aries","0"
"Bermuda Islands","Aquarius","0"
"Bermuda Islands","Capricorn","0"
"Bermuda Islands","Taurus","0"
"Bermuda Islands","Cancer","0"
"Bermuda Islands","Libra","0"
"Bermuda Islands","Sagittarius","0"
"Bhutan","Aries","0"
"Bhutan","Sagittarius","0"
"Bhutan","Aquarius","0"
"Bhutan","Gemini","0"
"Bhutan","Leo","0"
"Bhutan","Virgo","0"
"Bhutan","Scorpio","0"
"Bhutan","Capricorn","0"
"Bhutan","Libra","0"
"Bhutan","Taurus","0"
"Bhutan","Pisces","0"
"Bhutan","Cancer","0"
"Bolivia","Aquarius","0"
"Bolivia","Libra","0"
"Bolivia","Capricorn","0"
"Bolivia","Leo","0"
"Bolivia","Scorpio","0"
"Bolivia","Sagittarius","0"
"Bolivia","Pisces","0"
"Bolivia","Aries","0"
"Bolivia","Cancer","0"
"Bolivia","Taurus","0"
"Bolivia","Gemini","0"
"Bolivia","Virgo","0"
"Bosnia and Herzegovina","Aquarius","0"
"Bosnia and Herzegovina","Sagittarius","0"
"Bosnia and Herzegovina","Scorpio","0"
"Bosnia and Herzegovina","Libra","0"
"Bosnia and Herzegovina","Gemini","0"
"Bosnia and Herzegovina","Taurus","0"
"Bosnia and Herzegovina","Capricorn","1"
"Bosnia and Herzegovina","Cancer","0"
"Bosnia and Herzegovina","Leo","0"
"Bosnia and Herzegovina","Aries","0"
"Bosnia and Herzegovina","Virgo","0"
"Bosnia and Herzegovina","Pisces","0"
"Botswana","Pisces","0"
"Botswana","Gemini","0"
"Botswana","Sagittarius","0"
"Botswana","Aquarius","0"
"Botswana","Scorpio","0"
"Botswana","Taurus","0"
"Botswana","Cancer","0"
"Botswana","Libra","0"
"Botswana","Virgo","0"
"Botswana","Leo","0"
"Botswana","Aries","0"
"Botswana","Capricorn","0"
"Bouvet Island","Cancer","0"
"Bouvet Island","Capricorn","0"
"Bouvet Island","Aries","0"
"Bouvet Island","Pisces","0"
"Bouvet Island","Taurus","0"
"Bouvet Island","Leo","0"
"Bouvet Island","Sagittarius","0"
"Bouvet Island","Aquarius","0"
"Bouvet Island","Scorpio","0"
"Bouvet Island","Libra","0"
"Bouvet Island","Virgo","0"
"Bouvet Island","Gemini","0"
"Brazil","Leo","1"
"Brazil","Cancer","2"
"Brazil","Virgo","1"
"Brazil","Libra","1"
"Brazil","Aquarius","1"
"Brazil","Taurus","1"
"Brazil","Aries","3"
"Brazil","Scorpio","2"
"Brazil","Capricorn","0"
"Brazil","Pisces","1"
"Brazil","Sagittarius","2"
"Brazil","Gemini","5"
"British Indian Ocean Territory","Cancer","0"
"British Indian Ocean Territory","Sagittarius","0"
"British Indian Ocean Territory","Aquarius","0"
"British Indian Ocean Territory","Scorpio","0"
"British Indian Ocean Territory","Pisces","0"
"British Indian Ocean Territory","Aries","0"
"British Indian Ocean Territory","Gemini","0"
"British Indian Ocean Territory","Virgo","0"
"British Indian Ocean Territory","Leo","0"
"British Indian Ocean Territory","Taurus","0"
"British Indian Ocean Territory","Libra","1"
"British Indian Ocean Territory","Capricorn","0"
"Brunei","Scorpio","0"
"Brunei","Sagittarius","0"
"Brunei","Leo","0"
"Brunei","Aries","0"
"Brunei","Gemini","0"
"Brunei","Pisces","0"
"Brunei","Capricorn","0"
"Brunei","Libra","0"
"Brunei","Aquarius","0"
"Brunei","Taurus","0"
"Brunei","Virgo","0"
"Brunei","Cancer","0"
"Bulgaria","Scorpio","0"
"Bulgaria","Virgo","1"
"Bulgaria","Aquarius","1"
"Bulgaria","Cancer","2"
"Bulgaria","Gemini","3"
"Bulgaria","Sagittarius","0"
"Bulgaria","Libra","0"
"Bulgaria","Aries","0"
"Bulgaria","Taurus","0"
"Bulgaria","Leo","0"
"Bulgaria","Capricorn","0"
"Bulgaria","Pisces","0"
"Burkina Faso","Aquarius","0"
"Burkina Faso","Cancer","0"
"Burkina Faso","Virgo","0"
"Burkina Faso","Capricorn","0"
"Burkina Faso","Gemini","0"
"Burkina Faso","Sagittarius","0"
"Burkina Faso","Leo","0"
"Burkina Faso","Pisces","0"
"Burkina Faso","Aries","0"
"Burkina Faso","Taurus","0"
"Burkina Faso","Libra","0"
"Burkina Faso","Scorpio","0"
"Burundi","Capricorn","0"
"Burundi","Aquarius","0"
"Burundi","Scorpio","0"
"Burundi","Cancer","0"
"Burundi","Sagittarius","0"
"Burundi","Pisces","0"
"Burundi","Gemini","0"
"Burundi","Leo","0"
"Burundi","Aries","0"
"Burundi","Libra","0"
"Burundi","Taurus","0"
"Burundi","Virgo","0"
"Cambodia","Capricorn","0"
"Cambodia","Virgo","0"
"Cambodia","Scorpio","0"
"Cambodia","Sagittarius","0"
"Cambodia","Cancer","0"
"Cambodia","Leo","0"
"Cambodia","Libra","0"
"Cambodia","Gemini","0"
"Cambodia","Aquarius","0"
"Cambodia","Pisces","0"
"Cambodia","Aries","0"
"Cambodia","Taurus","0"
"Cameroon","Pisces","0"
"Cameroon","Cancer","0"
"Cameroon","Aries","0"
"Cameroon","Libra","0"
"Cameroon","Leo","0"
"Cameroon","Virgo","0"
"Cameroon","Gemini","0"
"Cameroon","Capricorn","0"
"Cameroon","Aquarius","0"
"Cameroon","Scorpio","0"
"Cameroon","Sagittarius","0"
"Cameroon","Taurus","0"
"Canada","Virgo","1"
"Canada","Taurus","5"
"Canada","Libra","4"
"Canada","Aquarius","2"
"Canada","Cancer","1"
"Canada","Gemini","5"
"Canada","Pisces","4"
"Canada","Aries","4"
"Canada","Leo","2"
"Canada","Scorpio","1"
"Canada","Sagittarius","3"
"Canada","Capricorn","0"
"Cape Verde","Sagittarius","0"
"Cape Verde","Taurus","0"
"Cape Verde","Gemini","0"
"Cape Verde","Libra","0"
"Cape Verde","Cancer","0"
"Cape Verde","Capricorn","0"
"Cape Verde","Leo","0"
"Cape Verde","Aquarius","0"
"Cape Verde","Aries","0"
"Cape Verde","Pisces","0"
"Cape Verde","Scorpio","0"
"Cape Verde","Virgo","0"
"Cayman Islands","Scorpio","0"
"Cayman Islands","Virgo","0"
"Cayman Islands","Gemini","0"
"Cayman Islands","Taurus","0"
"Cayman Islands","Aquarius","0"
"Cayman Islands","Cancer","0"
"Cayman Islands","Libra","0"
"Cayman Islands","Aries","0"
"Cayman Islands","Capricorn","0"
"Cayman Islands","Pisces","0"
"Cayman Islands","Sagittarius","0"
"Cayman Islands","Leo","0"
"Central African Republic","Aries","0"
"Central African Republic","Scorpio","0"
"Central African Republic","Capricorn","0"
"Central African Republic","Libra","0"
"Central African Republic","Gemini","0"
"Central African Republic","Aquarius","0"
"Central African Republic","Cancer","0"
"Central African Republic","Taurus","0"
"Central African Republic","Sagittarius","0"
"Central African Republic","Pisces","0"
"Central African Republic","Virgo","0"
"Central African Republic","Leo","0"
"Chad","Taurus","0"
"Chad","Aries","0"
"Chad","Cancer","0"
"Chad","Scorpio","0"
"Chad","Pisces","0"
"Chad","Sagittarius","0"
"Chad","Aquarius","0"
"Chad","Gemini","0"
"Chad","Libra","0"
"Chad","Capricorn","0"
"Chad","Leo","0"
"Chad","Virgo","0"
"Chile","Leo","0"
"Chile","Virgo","1"
"Chile","Libra","1"
"Chile","Cancer","1"
"Chile","Gemini","0"
"Chile","Aquarius","0"
"Chile","Scorpio","1"
"Chile","Aries","0"
"Chile","Taurus","0"
"Chile","Sagittarius","3"
"Chile","Capricorn","1"
"Chile","Pisces","0"
"China","Virgo","0"
"China","Capricorn","1"
"China","Taurus","1"
"China","Leo","0"
"China","Cancer","0"
"China","Pisces","0"
"China","Libra","0"
"China","Gemini","0"
"China","Sagittarius","0"
"China","Scorpio","1"
"China","Aquarius","0"
"China","Aries","0"
"Christmas Island","Cancer","0"
"Christmas Island","Virgo","0"
"Christmas Island","Scorpio","0"
"Christmas Island","Capricorn","0"
"Christmas Island","Sagittarius","0"
"Christmas Island","Pisces","0"
"Christmas Island","Taurus","0"
"Christmas Island","Leo","0"
"Christmas Island","Libra","0"
"Christmas Island","Gemini","0"
"Christmas Island","Aquarius","0"
"Christmas Island","Aries","0"
"Cocos (Keeling) Islands","Scorpio","0"
"Cocos (Keeling) Islands","Leo","0"
"Cocos (Keeling) Islands","Taurus","0"
"Cocos (Keeling) Islands","Virgo","0"
"Cocos (Keeling) Islands","Sagittarius","0"
"Cocos (Keeling) Islands","Capricorn","0"
"Cocos (Keeling) Islands","Pisces","0"
"Cocos (Keeling) Islands","Cancer","0"
"Cocos (Keeling) Islands","Aquarius","0"
"Cocos (Keeling) Islands","Libra","0"
"Cocos (Keeling) Islands","Gemini","0"
"Cocos (Keeling) Islands","Aries","0"
"Colombia","Libra","1"
"Colombia","Taurus","1"
"Colombia","Cancer","0"
"Colombia","Capricorn","0"
"Colombia","Virgo","0"
"Colombia","Gemini","0"
"Colombia","Leo","0"
"Colombia","Pisces","0"
"Colombia","Aquarius","0"
"Colombia","Sagittarius","1"
"Colombia","Scorpio","0"
"Colombia","Aries","0"
"Comoros","Cancer","0"
"Comoros","Taurus","0"
"Comoros","Scorpio","0"
"Comoros","Gemini","0"
"Comoros","Leo","0"
"Comoros","Sagittarius","0"
"Comoros","Pisces","0"
"Comoros","Libra","0"
"Comoros","Aries","0"
"Comoros","Capricorn","0"
"Comoros","Virgo","0"
"Comoros","Aquarius","0"
"Congo","Libra","0"
"Congo","Aries","0"
"Congo","Gemini","0"
"Congo","Aquarius","0"
"Congo","Virgo","0"
"Congo","Cancer","0"
"Congo","Taurus","0"
"Congo","Leo","0"
"Congo","Pisces","0"
"Congo","Libra","0"
"Congo","Scorpio","0"
"Congo","Gemini","0"
"Congo","Sagittarius","0"
"Congo","Capricorn","0"
"Congo","Capricorn","0"
"Congo","Sagittarius","0"
"Congo","Aries","0"
"Congo","Scorpio","0"
"Congo","Leo","0"
"Congo","Taurus","0"
"Congo","Aquarius","0"
"Congo","Pisces","0"
"Congo","Cancer","0"
"Congo","Virgo","0"
"Cook Islands","Pisces","0"
"Cook Islands","Leo","0"
"Cook Islands","Capricorn","0"
"Cook Islands","Taurus","0"
"Cook Islands","Libra","0"
"Cook Islands","Cancer","0"
"Cook Islands","Aquarius","0"
"Cook Islands","Virgo","0"
"Cook Islands","Aries","0"
"Cook Islands","Sagittarius","0"
"Cook Islands","Gemini","0"
"Cook Islands","Scorpio","0"
"Costa Rica","Sagittarius","0"
"Costa Rica","Scorpio","0"
"Costa Rica","Libra","0"
"Costa Rica","Pisces","0"
"Costa Rica","Aries","0"
"Costa Rica","Cancer","0"
"Costa Rica","Aquarius","0"
"Costa Rica","Taurus","0"
"Costa Rica","Gemini","0"
"Costa Rica","Virgo","0"
"Costa Rica","Leo","0"
"Costa Rica","Capricorn","0"
"Croatia","Sagittarius","0"
"Croatia","Gemini","1"
"Croatia","Aquarius","0"
"Croatia","Taurus","2"
"Croatia","Libra","0"
"Croatia","Cancer","0"
"Croatia","Capricorn","0"
"Croatia","Virgo","1"
"Croatia","Aries","1"
"Croatia","Leo","1"
"Croatia","Pisces","1"
"Croatia","Scorpio","0"
"Cuba","Pisces","0"
"Cuba","Taurus","0"
"Cuba","Aquarius","0"
"Cuba","Gemini","0"
"Cuba","Leo","0"
"Cuba","Virgo","0"
"Cuba","Libra","0"
"Cuba","Cancer","0"
"Cuba","Scorpio","0"
"Cuba","Aries","0"
"Cuba","Sagittarius","0"
"Cuba","Capricorn","0"
"Cyprus","Aquarius","0"
"Cyprus","Cancer","0"
"Cyprus","Leo","0"
"Cyprus","Libra","0"
"Cyprus","Capricorn","0"
"Cyprus","Gemini","0"
"Cyprus","Pisces","0"
"Cyprus","Aries","0"
"Cyprus","Sagittarius","0"
"Cyprus","Virgo","0"
"Cyprus","Taurus","0"
"Cyprus","Scorpio","0"
"Czech Republic","Gemini","0"
"Czech Republic","Aries","0"
"Czech Republic","Scorpio","0"
"Czech Republic","Virgo","1"
"Czech Republic","Leo","0"
"Czech Republic","Aquarius","1"
"Czech Republic","Cancer","0"
"Czech Republic","Capricorn","1"
"Czech Republic","Taurus","0"
"Czech Republic","Libra","0"
"Czech Republic","Pisces","1"
"Czech Republic","Sagittarius","1"
"Denmark","Aries","0"
"Denmark","Scorpio","0"
"Denmark","Taurus","0"
"Denmark","Leo","0"
"Denmark","Gemini","0"
"Denmark","Cancer","0"
"Denmark","Virgo","0"
"Denmark","Capricorn","0"
"Denmark","Aquarius","0"
"Denmark","Sagittarius","0"
"Denmark","Pisces","0"
"Denmark","Libra","0"
"Djibouti","Leo","0"
"Djibouti","Virgo","0"
"Djibouti","Taurus","0"
"Djibouti","Aries","0"
"Djibouti","Cancer","0"
"Djibouti","Libra","0"
"Djibouti","Gemini","0"
"Djibouti","Aquarius","0"
"Djibouti","Capricorn","0"
"Djibouti","Sagittarius","0"
"Djibouti","Pisces","0"
"Djibouti","Scorpio","0"
"Dominica","Cancer","0"
"Dominica","Aquarius","0"
"Dominica","Aries","0"
"Dominica","Taurus","0"
"Dominica","Libra","0"
"Dominica","Sagittarius","0"
"Dominica","Leo","0"
"Dominica","Pisces","0"
"Dominica","Gemini","0"
"Dominica","Scorpio","0"
"Dominica","Capricorn","0"
"Dominica","Virgo","0"
"Dominican Republic","Taurus","0"
"Dominican Republic","Cancer","0"
"Dominican Republic","Aries","0"
"Dominican Republic","Pisces","0"
"Dominican Republic","Sagittarius","0"
"Dominican Republic","Scorpio","0"
"Dominican Republic","Leo","0"
"Dominican Republic","Capricorn","0"
"Dominican Republic","Gemini","0"
"Dominican Republic","Libra","0"
"Dominican Republic","Aquarius","0"
"Dominican Republic","Virgo","0"
"East Timor","Virgo","0"
"East Timor","Cancer","0"
"East Timor","Taurus","0"
"East Timor","Capricorn","0"
"East Timor","Aquarius","0"
"East Timor","Libra","0"
"East Timor","Gemini","0"
"East Timor","Sagittarius","0"
"East Timor","Scorpio","0"
"East Timor","Leo","0"
"East Timor","Pisces","0"
"East Timor","Aries","0"
"Ecuador","Virgo","0"
"Ecuador","Aquarius","0"
"Ecuador","Libra","0"
"Ecuador","Capricorn","0"
"Ecuador","Leo","0"
"Ecuador","Scorpio","0"
"Ecuador","Sagittarius","0"
"Ecuador","Pisces","0"
"Ecuador","Aries","0"
"Ecuador","Cancer","0"
"Ecuador","Taurus","0"
"Ecuador","Gemini","0"
"Egypt","Cancer","0"
"Egypt","Aries","0"
"Egypt","Pisces","0"
"Egypt","Taurus","0"
"Egypt","Sagittarius","0"
"Egypt","Scorpio","0"
"Egypt","Leo","0"
"Egypt","Capricorn","0"
"Egypt","Libra","0"
"Egypt","Gemini","0"
"Egypt","Aquarius","0"
"Egypt","Virgo","0"
"El Salvador","Capricorn","0"
"El Salvador","Cancer","0"
"El Salvador","Aquarius","0"
"El Salvador","Gemini","0"
"El Salvador","Libra","0"
"El Salvador","Pisces","0"
"El Salvador","Taurus","0"
"El Salvador","Scorpio","0"
"El Salvador","Sagittarius","0"
"El Salvador","Aries","0"
"El Salvador","Leo","0"
"El Salvador","Virgo","0"
"Equatorial Guinea","Leo","0"
"Equatorial Guinea","Sagittarius","0"
"Equatorial Guinea","Virgo","0"
"Equatorial Guinea","Capricorn","0"
"Equatorial Guinea","Pisces","0"
"Equatorial Guinea","Scorpio","0"
"Equatorial Guinea","Aquarius","0"
"Equatorial Guinea","Libra","0"
"Equatorial Guinea","Cancer","0"
"Equatorial Guinea","Aries","0"
"Equatorial Guinea","Taurus","0"
"Equatorial Guinea","Gemini","0"
"Eritrea","Libra","0"
"Eritrea","Cancer","0"
"Eritrea","Aries","0"
"Eritrea","Pisces","0"
"Eritrea","Sagittarius","0"
"Eritrea","Taurus","0"
"Eritrea","Scorpio","0"
"Eritrea","Leo","0"
"Eritrea","Capricorn","0"
"Eritrea","Gemini","0"
"Eritrea","Virgo","0"
"Eritrea","Aquarius","0"
"Estados Federados de","Scorpio","0"
"Estados Federados de","Aquarius","0"
"Estados Federados de","Gemini","0"
"Estados Federados de","Sagittarius","0"
"Estados Federados de","Leo","0"
"Estados Federados de","Aries","0"
"Estados Federados de","Capricorn","0"
"Estados Federados de","Pisces","0"
"Estados Federados de","Taurus","0"
"Estados Federados de","Libra","0"
"Estados Federados de","Virgo","0"
"Estados Federados de","Cancer","0"
"Estonia","Taurus","1"
"Estonia","Cancer","0"
"Estonia","Sagittarius","0"
"Estonia","Capricorn","0"
"Estonia","Aries","0"
"Estonia","Aquarius","0"
"Estonia","Gemini","1"
"Estonia","Leo","0"
"Estonia","Virgo","0"
"Estonia","Pisces","2"
"Estonia","Scorpio","0"
"Estonia","Libra","0"
"Ethiopia","Libra","0"
"Ethiopia","Capricorn","0"
"Ethiopia","Leo","0"
"Ethiopia","Scorpio","0"
"Ethiopia","Aquarius","0"
"Ethiopia","Sagittarius","0"
"Ethiopia","Pisces","0"
"Ethiopia","Aries","0"
"Ethiopia","Virgo","0"
"Ethiopia","Cancer","0"
"Ethiopia","Taurus","0"
"Ethiopia","Gemini","0"
"Falkland Islands (Malvinas)","Aquarius","0"
"Falkland Islands (Malvinas)","Aries","0"
"Falkland Islands (Malvinas)","Scorpio","0"
"Falkland Islands (Malvinas)","Pisces","0"
"Falkland Islands (Malvinas)","Sagittarius","0"
"Falkland Islands (Malvinas)","Cancer","0"
"Falkland Islands (Malvinas)","Leo","0"
"Falkland Islands (Malvinas)","Libra","0"
"Falkland Islands (Malvinas)","Virgo","0"
"Falkland Islands (Malvinas)","Taurus","0"
"Falkland Islands (Malvinas)","Gemini","0"
"Falkland Islands (Malvinas)","Capricorn","0"
"Faroe Islands","Virgo","0"
"Faroe Islands","Aries","0"
"Faroe Islands","Gemini","0"
"Faroe Islands","Taurus","0"
"Faroe Islands","Scorpio","0"
"Faroe Islands","Sagittarius","0"
"Faroe Islands","Capricorn","0"
"Faroe Islands","Libra","0"
"Faroe Islands","Pisces","0"
"Faroe Islands","Aquarius","0"
"Faroe Islands","Leo","0"
"Faroe Islands","Cancer","0"
"Fiji","Virgo","0"
"Fiji","Capricorn","0"
"Fiji","Aries","0"
"Fiji","Cancer","0"
"Fiji","Sagittarius","0"
"Fiji","Scorpio","0"
"Fiji","Aquarius","0"
"Fiji","Gemini","0"
"Fiji","Leo","0"
"Fiji","Taurus","0"
"Fiji","Pisces","0"
"Fiji","Libra","0"
"Finland","Capricorn","5"
"Finland","Sagittarius","4"
"Finland","Aquarius","1"
"Finland","Scorpio","3"
"Finland","Leo","1"
"Finland","Aries","3"
"Finland","Cancer","3"
"Finland","Libra","4"
"Finland","Virgo","2"
"Finland","Taurus","0"
"Finland","Gemini","3"
"Finland","Pisces","3"
"France","Leo","1"
"France","Sagittarius","1"
"France","Gemini","3"
"France","Capricorn","2"
"France","Pisces","1"
"France","Libra","0"
"France","Aries","1"
"France","Aquarius","1"
"France","Cancer","1"
"France","Virgo","0"
"France","Taurus","1"
"France","Scorpio","2"
"French Guiana","Libra","0"
"French Guiana","Capricorn","0"
"French Guiana","Leo","0"
"French Guiana","Scorpio","0"
"French Guiana","Virgo","0"
"French Guiana","Sagittarius","0"
"French Guiana","Pisces","0"
"French Guiana","Aries","0"
"French Guiana","Cancer","0"
"French Guiana","Taurus","0"
"French Guiana","Gemini","0"
"French Guiana","Aquarius","0"
"French Polynesia","Taurus","0"
"French Polynesia","Capricorn","0"
"French Polynesia","Leo","0"
"French Polynesia","Cancer","0"
"French Polynesia","Scorpio","0"
"French Polynesia","Libra","0"
"French Polynesia","Gemini","0"
"French Polynesia","Sagittarius","0"
"French Polynesia","Virgo","0"
"French Polynesia","Aquarius","0"
"French Polynesia","Pisces","0"
"French Polynesia","Aries","0"
"French Southern Territories","Sagittarius","0"
"French Southern Territories","Scorpio","0"
"French Southern Territories","Cancer","0"
"French Southern Territories","Virgo","0"
"French Southern Territories","Capricorn","0"
"French Southern Territories","Libra","0"
"French Southern Territories","Aries","0"
"French Southern Territories","Taurus","0"
"French Southern Territories","Pisces","0"
"French Southern Territories","Leo","0"
"French Southern Territories","Aquarius","0"
"French Southern Territories","Gemini","0"
"Gabon","Leo","0"
"Gabon","Pisces","0"
"Gabon","Virgo","0"
"Gabon","Cancer","0"
"Gabon","Gemini","0"
"Gabon","Sagittarius","0"
"Gabon","Scorpio","0"
"Gabon","Aquarius","0"
"Gabon","Capricorn","0"
"Gabon","Libra","0"
"Gabon","Taurus","0"
"Gabon","Aries","0"
"Gambia","Cancer","0"
"Gambia","Virgo","0"
"Gambia","Aquarius","0"
"Gambia","Gemini","0"
"Gambia","Libra","0"
"Gambia","Taurus","0"
"Gambia","Aries","0"
"Gambia","Capricorn","0"
"Gambia","Leo","0"
"Gambia","Scorpio","0"
"Gambia","Pisces","0"
"Gambia","Sagittarius","0"
"Georgia","Cancer","0"
"Georgia","Aquarius","0"
"Georgia","Scorpio","0"
"Georgia","Sagittarius","0"
"Georgia","Virgo","0"
"Georgia","Capricorn","0"
"Georgia","Pisces","0"
"Georgia","Taurus","0"
"Georgia","Leo","0"
"Georgia","Gemini","0"
"Georgia","Aries","0"
"Georgia","Libra","0"
"Germany","Taurus","4"
"Germany","Gemini","1"
"Germany","Leo","8"
"Germany","Capricorn","2"
"Germany","Scorpio","2"
"Germany","Aries","3"
"Germany","Libra","2"
"Germany","Pisces","1"
"Germany","Cancer","2"
"Germany","Virgo","2"
"Germany","Aquarius","3"
"Germany","Sagittarius","6"
"Ghana","Aquarius","0"
"Ghana","Aries","0"
"Ghana","Taurus","0"
"Ghana","Libra","0"
"Ghana","Sagittarius","0"
"Ghana","Scorpio","0"
"Ghana","Virgo","0"
"Ghana","Pisces","0"
"Ghana","Capricorn","0"
"Ghana","Leo","0"
"Ghana","Gemini","0"
"Ghana","Cancer","0"
"Gibraltar","Aquarius","0"
"Gibraltar","Scorpio","0"
"Gibraltar","Taurus","0"
"Gibraltar","Libra","0"
"Gibraltar","Cancer","0"
"Gibraltar","Aries","0"
"Gibraltar","Gemini","0"
"Gibraltar","Capricorn","0"
"Gibraltar","Pisces","0"
"Gibraltar","Virgo","0"
"Gibraltar","Leo","0"
"Gibraltar","Sagittarius","0"
"Greece","Scorpio","0"
"Greece","Sagittarius","0"
"Greece","Cancer","0"
"Greece","Taurus","1"
"Greece","Aquarius","1"
"Greece","Aries","0"
"Greece","Virgo","1"
"Greece","Leo","0"
"Greece","Libra","0"
"Greece","Capricorn","0"
"Greece","Pisces","0"
"Greece","Gemini","0"
"Greenland","Pisces","0"
"Greenland","Cancer","0"
"Greenland","Taurus","0"
"Greenland","Virgo","0"
"Greenland","Scorpio","0"
"Greenland","Sagittarius","0"
"Greenland","Aries","0"
"Greenland","Libra","0"
"Greenland","Aquarius","0"
"Greenland","Leo","0"
"Greenland","Gemini","0"
"Greenland","Capricorn","0"
"Grenada","Cancer","0"
"Grenada","Taurus","0"
"Grenada","Aries","0"
"Grenada","Virgo","0"
"Grenada","Pisces","0"
"Grenada","Gemini","0"
"Grenada","Sagittarius","0"
"Grenada","Scorpio","0"
"Grenada","Leo","0"
"Grenada","Capricorn","0"
"Grenada","Libra","0"
"Grenada","Aquarius","0"
"Guadeloupe","Aries","0"
"Guadeloupe","Scorpio","0"
"Guadeloupe","Pisces","0"
"Guadeloupe","Cancer","0"
"Guadeloupe","Capricorn","0"
"Guadeloupe","Virgo","0"
"Guadeloupe","Leo","0"
"Guadeloupe","Taurus","0"
"Guadeloupe","Aquarius","0"
"Guadeloupe","Sagittarius","0"
"Guadeloupe","Gemini","0"
"Guadeloupe","Libra","0"
"Guam","Cancer","0"
"Guam","Aries","0"
"Guam","Libra","0"
"Guam","Pisces","0"
"Guam","Sagittarius","0"
"Guam","Taurus","0"
"Guam","Gemini","0"
"Guam","Leo","0"
"Guam","Aquarius","0"
"Guam","Capricorn","0"
"Guam","Virgo","0"
"Guam","Scorpio","0"
"Guatemala","Leo","0"
"Guatemala","Cancer","0"
"Guatemala","Virgo","0"
"Guatemala","Aries","0"
"Guatemala","Libra","0"
"Guatemala","Taurus","0"
"Guatemala","Aquarius","0"
"Guatemala","Scorpio","0"
"Guatemala","Capricorn","0"
"Guatemala","Sagittarius","0"
"Guatemala","Gemini","0"
"Guatemala","Pisces","0"
"Guernsey","Taurus","0"
"Guernsey","Cancer","0"
"Guernsey","Pisces","0"
"Guernsey","Leo","0"
"Guernsey","Scorpio","0"
"Guernsey","Aquarius","0"
"Guernsey","Gemini","0"
"Guernsey","Capricorn","0"
"Guernsey","Aries","0"
"Guernsey","Virgo","0"
"Guernsey","Sagittarius","0"
"Guernsey","Libra","0"
"Guinea","Sagittarius","0"
"Guinea","Taurus","0"
"Guinea","Scorpio","0"
"Guinea","Virgo","0"
"Guinea","Gemini","0"
"Guinea","Pisces","0"
"Guinea","Aquarius","0"
"Guinea","Capricorn","0"
"Guinea","Aries","0"
"Guinea","Libra","0"
"Guinea","Cancer","0"
"Guinea","Leo","0"
"Guinea-Bissau","Pisces","0"
"Guinea-Bissau","Capricorn","0"
"Guinea-Bissau","Aquarius","0"
"Guinea-Bissau","Taurus","0"
"Guinea-Bissau","Aries","0"
"Guinea-Bissau","Cancer","0"
"Guinea-Bissau","Libra","0"
"Guinea-Bissau","Gemini","0"
"Guinea-Bissau","Virgo","0"
"Guinea-Bissau","Sagittarius","0"
"Guinea-Bissau","Scorpio","0"
"Guinea-Bissau","Leo","0"
"Guyana","Pisces","0"
"Guyana","Gemini","0"
"Guyana","Taurus","0"
"Guyana","Virgo","0"
"Guyana","Aquarius","0"
"Guyana","Cancer","0"
"Guyana","Libra","0"
"Guyana","Capricorn","0"
"Guyana","Leo","0"
"Guyana","Aries","0"
"Guyana","Scorpio","0"
"Guyana","Sagittarius","0"
"Haiti","Capricorn","0"
"Haiti","Taurus","0"
"Haiti","Cancer","0"
"Haiti","Aries","0"
"Haiti","Virgo","0"
"Haiti","Gemini","0"
"Haiti","Pisces","0"
"Haiti","Sagittarius","0"
"Haiti","Aquarius","0"
"Haiti","Scorpio","0"
"Haiti","Leo","0"
"Haiti","Libra","0"
"Heard Island and McDonald Islands","Cancer","0"
"Heard Island and McDonald Islands","Leo","0"
"Heard Island and McDonald Islands","Aquarius","0"
"Heard Island and McDonald Islands","Capricorn","0"
"Heard Island and McDonald Islands","Pisces","0"
"Heard Island and McDonald Islands","Virgo","0"
"Heard Island and McDonald Islands","Scorpio","0"
"Heard Island and McDonald Islands","Gemini","0"
"Heard Island and McDonald Islands","Aries","0"
"Heard Island and McDonald Islands","Sagittarius","0"
"Heard Island and McDonald Islands","Taurus","0"
"Heard Island and McDonald Islands","Libra","0"
"Honduras","Taurus","0"
"Honduras","Capricorn","0"
"Honduras","Aquarius","0"
"Honduras","Leo","0"
"Honduras","Gemini","0"
"Honduras","Aries","0"
"Honduras","Scorpio","0"
"Honduras","Sagittarius","0"
"Honduras","Virgo","0"
"Honduras","Libra","0"
"Honduras","Pisces","0"
"Honduras","Cancer","0"
"Hong Kong","Aquarius","0"
"Hong Kong","Libra","0"
"Hong Kong","Gemini","0"
"Hong Kong","Leo","0"
"Hong Kong","Capricorn","0"
"Hong Kong","Aries","0"
"Hong Kong","Virgo","0"
"Hong Kong","Sagittarius","0"
"Hong Kong","Cancer","0"
"Hong Kong","Pisces","0"
"Hong Kong","Taurus","0"
"Hong Kong","Scorpio","0"
"Hungary","Pisces","0"
"Hungary","Aquarius","0"
"Hungary","Aries","0"
"Hungary","Virgo","0"
"Hungary","Cancer","0"
"Hungary","Libra","0"
"Hungary","Taurus","0"
"Hungary","Capricorn","1"
"Hungary","Gemini","0"
"Hungary","Leo","1"
"Hungary","Scorpio","1"
"Hungary","Sagittarius","1"
"Iceland","Gemini","0"
"Iceland","Virgo","0"
"Iceland","Aquarius","0"
"Iceland","Libra","0"
"Iceland","Capricorn","0"
"Iceland","Leo","0"
"Iceland","Scorpio","0"
"Iceland","Sagittarius","0"
"Iceland","Pisces","0"
"Iceland","Aries","1"
"Iceland","Cancer","0"
"Iceland","Taurus","0"
"India","Scorpio","0"
"India","Capricorn","0"
"India","Virgo","0"
"India","Aries","0"
"India","Taurus","0"
"India","Aquarius","0"
"India","Gemini","1"
"India","Cancer","0"
"India","Pisces","0"
"India","Leo","0"
"India","Libra","0"
"India","Sagittarius","0"
"Indonesia","Aries","0"
"Indonesia","Cancer","0"
"Indonesia","Virgo","0"
"Indonesia","Libra","0"
"Indonesia","Taurus","0"
"Indonesia","Capricorn","0"
"Indonesia","Scorpio","0"
"Indonesia","Gemini","0"
"Indonesia","Pisces","0"
"Indonesia","Leo","0"
"Indonesia","Sagittarius","0"
"Indonesia","Aquarius","0"
"Iran","Leo","0"
"Iran","Scorpio","0"
"Iran","Virgo","0"
"Iran","Capricorn","0"
"Iran","Sagittarius","0"
"Iran","Aries","0"
"Iran","Gemini","0"
"Iran","Libra","0"
"Iran","Pisces","0"
"Iran","Taurus","0"
"Iran","Aquarius","0"
"Iran","Cancer","0"
"Iraq","Gemini","0"
"Iraq","Virgo","0"
"Iraq","Aquarius","0"
"Iraq","Libra","0"
"Iraq","Capricorn","0"
"Iraq","Leo","0"
"Iraq","Scorpio","0"
"Iraq","Sagittarius","0"
"Iraq","Pisces","0"
"Iraq","Aries","0"
"Iraq","Cancer","0"
"Iraq","Taurus","0"
"Ireland","Pisces","0"
"Ireland","Sagittarius","1"
"Ireland","Aries","0"
"Ireland","Gemini","0"
"Ireland","Scorpio","2"
"Ireland","Capricorn","0"
"Ireland","Taurus","0"
"Ireland","Libra","0"
"Ireland","Virgo","0"
"Ireland","Aquarius","0"
"Ireland","Cancer","1"
"Ireland","Leo","0"
"Isle of Man","Scorpio","0"
"Isle of Man","Aquarius","0"
"Isle of Man","Pisces","0"
"Isle of Man","Sagittarius","0"
"Isle of Man","Gemini","0"
"Isle of Man","Libra","0"
"Isle of Man","Cancer","0"
"Isle of Man","Leo","0"
"Isle of Man","Capricorn","0"
"Isle of Man","Aries","0"
"Isle of Man","Virgo","0"
"Isle of Man","Taurus","0"
"Israel","Cancer","0"
"Israel","Virgo","0"
"Israel","Taurus","0"
"Israel","Scorpio","0"
"Israel","Capricorn","0"
"Israel","Aries","0"
"Israel","Leo","0"
"Israel","Sagittarius","0"
"Israel","Libra","1"
"Israel","Aquarius","0"
"Israel","Gemini","0"
"Israel","Pisces","0"
"Italy","Cancer","0"
"Italy","Capricorn","7"
"Italy","Aquarius","3"
"Italy","Taurus","0"
"Italy","Aries","3"
"Italy","Libra","0"
"Italy","Leo","2"
"Italy","Gemini","2"
"Italy","Pisces","6"
"Italy","Scorpio","0"
"Italy","Virgo","3"
"Italy","Sagittarius","1"
"Ivory Coast","Gemini","0"
"Ivory Coast","Taurus","0"
"Ivory Coast","Cancer","0"
"Ivory Coast","Virgo","0"
"Ivory Coast","Aquarius","0"
"Ivory Coast","Libra","0"
"Ivory Coast","Aries","0"
"Ivory Coast","Capricorn","0"
"Ivory Coast","Leo","0"
"Ivory Coast","Scorpio","0"
"Ivory Coast","Sagittarius","0"
"Ivory Coast","Pisces","0"
"Jamaica","Virgo","0"
"Jamaica","Libra","0"
"Jamaica","Aquarius","0"
"Jamaica","Scorpio","0"
"Jamaica","Gemini","0"
"Jamaica","Taurus","0"
"Jamaica","Pisces","0"
"Jamaica","Sagittarius","0"
"Jamaica","Cancer","0"
"Jamaica","Aries","0"
"Jamaica","Capricorn","0"
"Jamaica","Leo","0"
"Japan","Virgo","0"
"Japan","Aquarius","0"
"Japan","Libra","0"
"Japan","Capricorn","0"
"Japan","Leo","1"
"Japan","Scorpio","1"
"Japan","Sagittarius","1"
"Japan","Pisces","0"
"Japan","Aries","0"
"Japan","Cancer","0"
"Japan","Taurus","1"
"Japan","Gemini","1"
"Jersey","Aries","0"
"Jersey","Scorpio","0"
"Jersey","Gemini","0"
"Jersey","Capricorn","0"
"Jersey","Virgo","0"
"Jersey","Sagittarius","0"
"Jersey","Leo","0"
"Jersey","Taurus","0"
"Jersey","Libra","0"
"Jersey","Aquarius","0"
"Jersey","Pisces","0"
"Jersey","Cancer","0"
"Jordan","Aries","0"
"Jordan","Capricorn","0"
"Jordan","Leo","0"
"Jordan","Libra","0"
"Jordan","Virgo","0"
"Jordan","Sagittarius","0"
"Jordan","Cancer","0"
"Jordan","Gemini","0"
"Jordan","Scorpio","0"
"Jordan","Aquarius","0"
"Jordan","Taurus","0"
"Jordan","Pisces","0"
"Kazakhstan","Capricorn","0"
"Kazakhstan","Gemini","0"
"Kazakhstan","Scorpio","0"
"Kazakhstan","Taurus","0"
"Kazakhstan","Cancer","0"
"Kazakhstan","Aquarius","0"
"Kazakhstan","Virgo","0"
"Kazakhstan","Sagittarius","0"
"Kazakhstan","Libra","0"
"Kazakhstan","Pisces","0"
"Kazakhstan","Aries","0"
"Kazakhstan","Leo","0"
"Kenya","Capricorn","0"
"Kenya","Virgo","0"
"Kenya","Leo","0"
"Kenya","Cancer","0"
"Kenya","Aquarius","0"
"Kenya","Aries","0"
"Kenya","Taurus","0"
"Kenya","Gemini","0"
"Kenya","Sagittarius","0"
"Kenya","Pisces","0"
"Kenya","Scorpio","0"
"Kenya","Libra","0"
"Kiribati","Leo","0"
"Kiribati","Aquarius","0"
"Kiribati","Libra","0"
"Kiribati","Gemini","0"
"Kiribati","Cancer","0"
"Kiribati","Scorpio","0"
"Kiribati","Sagittarius","0"
"Kiribati","Capricorn","0"
"Kiribati","Taurus","0"
"Kiribati","Virgo","0"
"Kiribati","Aries","0"
"Kiribati","Pisces","0"
"Kuwait","Capricorn","0"
"Kuwait","Aries","0"
"Kuwait","Aquarius","0"
"Kuwait","Virgo","0"
"Kuwait","Scorpio","0"
"Kuwait","Libra","0"
"Kuwait","Taurus","0"
"Kuwait","Gemini","0"
"Kuwait","Pisces","0"
"Kuwait","Leo","0"
"Kuwait","Sagittarius","0"
"Kuwait","Cancer","0"
"Kyrgyzstan","Scorpio","0"
"Kyrgyzstan","Leo","0"
"Kyrgyzstan","Pisces","0"
"Kyrgyzstan","Virgo","0"
"Kyrgyzstan","Sagittarius","0"
"Kyrgyzstan","Aquarius","0"
"Kyrgyzstan","Taurus","0"
"Kyrgyzstan","Aries","0"
"Kyrgyzstan","Gemini","0"
"Kyrgyzstan","Libra","0"
"Kyrgyzstan","Capricorn","0"
"Kyrgyzstan","Cancer","0"
"Laos","Capricorn","0"
"Laos","Pisces","0"
"Laos","Aries","0"
"Laos","Libra","0"
"Laos","Cancer","0"
"Laos","Scorpio","0"
"Laos","Leo","0"
"Laos","Gemini","0"
"Laos","Aquarius","0"
"Laos","Taurus","0"
"Laos","Sagittarius","0"
"Laos","Virgo","0"
"Latvia","Capricorn","0"
"Latvia","Virgo","0"
"Latvia","Aries","1"
"Latvia","Cancer","0"
"Latvia","Libra","0"
"Latvia","Sagittarius","0"
"Latvia","Taurus","1"
"Latvia","Gemini","0"
"Latvia","Leo","0"
"Latvia","Pisces","1"
"Latvia","Aquarius","0"
"Latvia","Scorpio","0"
"Lebanon","Gemini","0"
"Lebanon","Sagittarius","0"
"Lebanon","Taurus","0"
"Lebanon","Aquarius","0"
"Lebanon","Virgo","0"
"Lebanon","Libra","0"
"Lebanon","Pisces","0"
"Lebanon","Capricorn","0"
"Lebanon","Scorpio","0"
"Lebanon","Leo","0"
"Lebanon","Aries","0"
"Lebanon","Cancer","0"
"Lesotho","Gemini","0"
"Lesotho","Leo","0"
"Lesotho","Cancer","0"
"Lesotho","Virgo","0"
"Lesotho","Scorpio","0"
"Lesotho","Pisces","0"
"Lesotho","Capricorn","0"
"Lesotho","Aries","0"
"Lesotho","Sagittarius","0"
"Lesotho","Aquarius","0"
"Lesotho","Taurus","0"
"Lesotho","Libra","0"
"Liberia","Virgo","0"
"Liberia","Aquarius","0"
"Liberia","Libra","0"
"Liberia","Capricorn","0"
"Liberia","Leo","0"
"Liberia","Scorpio","0"
"Liberia","Sagittarius","0"
"Liberia","Pisces","0"
"Liberia","Aries","0"
"Liberia","Cancer","0"
"Liberia","Taurus","0"
"Liberia","Gemini","0"
"Libya","Aquarius","0"
"Libya","Scorpio","0"
"Libya","Capricorn","0"
"Libya","Taurus","0"
"Libya","Sagittarius","0"
"Libya","Virgo","0"
"Libya","Libra","0"
"Libya","Pisces","0"
"Libya","Gemini","0"
"Libya","Cancer","0"
"Libya","Aries","0"
"Libya","Leo","0"
"Liechtenstein","Pisces","0"
"Liechtenstein","Aquarius","0"
"Liechtenstein","Gemini","0"
"Liechtenstein","Sagittarius","0"
"Liechtenstein","Libra","0"
"Liechtenstein","Scorpio","0"
"Liechtenstein","Aries","0"
"Liechtenstein","Taurus","0"
"Liechtenstein","Virgo","0"
"Liechtenstein","Cancer","0"
"Liechtenstein","Capricorn","0"
"Liechtenstein","Leo","0"
"Lithuania","Gemini","0"
"Lithuania","Virgo","0"
"Lithuania","Scorpio","1"
"Lithuania","Capricorn","1"
"Lithuania","Libra","0"
"Lithuania","Sagittarius","0"
"Lithuania","Leo","0"
"Lithuania","Taurus","0"
"Lithuania","Pisces","1"
"Lithuania","Cancer","0"
"Lithuania","Aquarius","0"
"Lithuania","Aries","1"
"Luxembourg","Libra","0"
"Luxembourg","Capricorn","0"
"Luxembourg","Aquarius","0"
"Luxembourg","Leo","0"
"Luxembourg","Virgo","0"
"Luxembourg","Aries","0"
"Luxembourg","Gemini","0"
"Luxembourg","Scorpio","0"
"Luxembourg","Cancer","0"
"Luxembourg","Taurus","0"
"Luxembourg","Sagittarius","0"
"Luxembourg","Pisces","0"
"Macao","Gemini","0"
"Macao","Cancer","0"
"Macao","Sagittarius","0"
"Macao","Capricorn","0"
"Macao","Aquarius","0"
"Macao","Leo","0"
"Macao","Virgo","0"
"Macao","Libra","0"
"Macao","Taurus","0"
"Macao","Aries","0"
"Macao","Pisces","0"
"Macao","Scorpio","0"
"Macedonia","Leo","1"
"Macedonia","Sagittarius","0"
"Macedonia","Aries","0"
"Macedonia","Pisces","0"
"Macedonia","Libra","0"
"Macedonia","Cancer","0"
"Macedonia","Gemini","0"
"Macedonia","Scorpio","0"
"Macedonia","Capricorn","0"
"Macedonia","Aquarius","0"
"Macedonia","Taurus","0"
"Macedonia","Virgo","0"
"Madagascar","Aquarius","0"
"Madagascar","Scorpio","0"
"Madagascar","Taurus","0"
"Madagascar","Aries","0"
"Madagascar","Virgo","0"
"Madagascar","Libra","0"
"Madagascar","Leo","0"
"Madagascar","Sagittarius","0"
"Madagascar","Pisces","0"
"Madagascar","Capricorn","0"
"Madagascar","Cancer","0"
"Madagascar","Gemini","0"
"Malawi","Taurus","0"
"Malawi","Libra","0"
"Malawi","Capricorn","0"
"Malawi","Scorpio","0"
"Malawi","Aries","0"
"Malawi","Leo","0"
"Malawi","Cancer","0"
"Malawi","Pisces","0"
"Malawi","Gemini","0"
"Malawi","Aquarius","0"
"Malawi","Sagittarius","0"
"Malawi","Virgo","0"
"Malaysia","Pisces","0"
"Malaysia","Gemini","0"
"Malaysia","Aries","0"
"Malaysia","Libra","0"
"Malaysia","Aquarius","0"
"Malaysia","Taurus","0"
"Malaysia","Virgo","0"
"Malaysia","Cancer","0"
"Malaysia","Scorpio","0"
"Malaysia","Sagittarius","0"
"Malaysia","Capricorn","0"
"Malaysia","Leo","0"
"Maldives","Gemini","0"
"Maldives","Libra","0"
"Maldives","Capricorn","0"
"Maldives","Leo","0"
"Maldives","Scorpio","0"
"Maldives","Aquarius","0"
"Maldives","Sagittarius","0"
"Maldives","Pisces","0"
"Maldives","Aries","0"
"Maldives","Virgo","0"
"Maldives","Cancer","0"
"Maldives","Taurus","0"
"Mali","Taurus","0"
"Mali","Libra","0"
"Mali","Cancer","0"
"Mali","Sagittarius","0"
"Mali","Capricorn","0"
"Mali","Virgo","0"
"Mali","Aries","0"
"Mali","Leo","0"
"Mali","Gemini","0"
"Mali","Pisces","0"
"Mali","Scorpio","0"
"Mali","Aquarius","0"
"Malta","Sagittarius","0"
"Malta","Leo","0"
"Malta","Cancer","0"
"Malta","Gemini","0"
"Malta","Aries","0"
"Malta","Virgo","0"
"Malta","Capricorn","0"
"Malta","Libra","0"
"Malta","Pisces","0"
"Malta","Taurus","0"
"Malta","Scorpio","0"
"Malta","Aquarius","1"
"Marshall Islands","Scorpio","0"
"Marshall Islands","Taurus","0"
"Marshall Islands","Gemini","0"
"Marshall Islands","Virgo","0"
"Marshall Islands","Sagittarius","0"
"Marshall Islands","Libra","0"
"Marshall Islands","Aries","0"
"Marshall Islands","Leo","0"
"Marshall Islands","Aquarius","0"
"Marshall Islands","Cancer","0"
"Marshall Islands","Capricorn","0"
"Marshall Islands","Pisces","0"
"Martinique","Sagittarius","0"
"Martinique","Aries","0"
"Martinique","Scorpio","0"
"Martinique","Libra","0"
"Martinique","Cancer","0"
"Martinique","Leo","0"
"Martinique","Taurus","0"
"Martinique","Aquarius","0"
"Martinique","Capricorn","0"
"Martinique","Gemini","0"
"Martinique","Pisces","0"
"Martinique","Virgo","0"
"Mauritania","Capricorn","0"
"Mauritania","Sagittarius","0"
"Mauritania","Cancer","0"
"Mauritania","Leo","0"
"Mauritania","Taurus","0"
"Mauritania","Pisces","0"
"Mauritania","Aries","0"
"Mauritania","Gemini","0"
"Mauritania","Aquarius","0"
"Mauritania","Virgo","0"
"Mauritania","Scorpio","0"
"Mauritania","Libra","0"
"Mauritius","Gemini","0"
"Mauritius","Virgo","0"
"Mauritius","Sagittarius","0"
"Mauritius","Cancer","0"
"Mauritius","Capricorn","0"
"Mauritius","Aquarius","0"
"Mauritius","Taurus","0"
"Mauritius","Aries","0"
"Mauritius","Libra","0"
"Mauritius","Leo","0"
"Mauritius","Scorpio","0"
"Mauritius","Pisces","0"
"Mayotte","Aries","0"
"Mayotte","Libra","0"
"Mayotte","Virgo","0"
"Mayotte","Leo","0"
"Mayotte","Taurus","0"
"Mayotte","Gemini","0"
"Mayotte","Sagittarius","0"
"Mayotte","Aquarius","0"
"Mayotte","Scorpio","0"
"Mayotte","Capricorn","0"
"Mayotte","Cancer","0"
"Mayotte","Pisces","0"
"Mexico","Cancer","0"
"Mexico","Gemini","1"
"Mexico","Capricorn","1"
"Mexico","Taurus","2"
"Mexico","Aquarius","1"
"Mexico","Leo","1"
"Mexico","Libra","1"
"Mexico","Sagittarius","0"
"Mexico","Pisces","2"
"Mexico","Scorpio","2"
"Mexico","Virgo","1"
"Mexico","Aries","0"
"Moldova","Gemini","0"
"Moldova","Taurus","0"
"Moldova","Cancer","0"
"Moldova","Aries","0"
"Moldova","Pisces","0"
"Moldova","Sagittarius","0"
"Moldova","Scorpio","0"
"Moldova","Leo","0"
"Moldova","Capricorn","0"
"Moldova","Libra","0"
"Moldova","Aquarius","0"
"Moldova","Virgo","0"
"Monaco","Pisces","0"
"Monaco","Libra","0"
"Monaco","Taurus","0"
"Monaco","Capricorn","0"
"Monaco","Aries","0"
"Monaco","Scorpio","0"
"Monaco","Aquarius","0"
"Monaco","Sagittarius","0"
"Monaco","Gemini","0"
"Monaco","Leo","0"
"Monaco","Virgo","0"
"Monaco","Cancer","0"
"Mongolia","Libra","0"
"Mongolia","Pisces","0"
"Mongolia","Scorpio","0"
"Mongolia","Leo","0"
"Mongolia","Virgo","0"
"Mongolia","Sagittarius","0"
"Mongolia","Aries","0"
"Mongolia","Gemini","0"
"Mongolia","Capricorn","0"
"Mongolia","Taurus","0"
"Mongolia","Aquarius","0"
"Mongolia","Cancer","0"
"Montenegro","Cancer","0"
"Montenegro","Taurus","0"
"Montenegro","Capricorn","0"
"Montenegro","Libra","0"
"Montenegro","Aries","0"
"Montenegro","Aquarius","0"
"Montenegro","Pisces","0"
"Montenegro","Gemini","0"
"Montenegro","Sagittarius","0"
"Montenegro","Scorpio","0"
"Montenegro","Leo","0"
"Montenegro","Virgo","0"
"Montserrat","Taurus","0"
"Montserrat","Pisces","0"
"Montserrat","Scorpio","0"
"Montserrat","Capricorn","0"
"Montserrat","Libra","0"
"Montserrat","Aquarius","0"
"Montserrat","Sagittarius","0"
"Montserrat","Leo","0"
"Montserrat","Virgo","0"
"Montserrat","Cancer","0"
"Montserrat","Aries","0"
"Montserrat","Gemini","0"
"Morocco","Sagittarius","0"
"Morocco","Leo","0"
"Morocco","Gemini","0"
"Morocco","Aquarius","0"
"Morocco","Pisces","0"
"Morocco","Capricorn","0"
"Morocco","Aries","0"
"Morocco","Cancer","0"
"Morocco","Libra","0"
"Morocco","Taurus","1"
"Morocco","Scorpio","0"
"Morocco","Virgo","1"
"Mozambique","Virgo","0"
"Mozambique","Aquarius","0"
"Mozambique","Libra","0"
"Mozambique","Capricorn","0"
"Mozambique","Leo","0"
"Mozambique","Scorpio","0"
"Mozambique","Sagittarius","0"
"Mozambique","Pisces","0"
"Mozambique","Aries","0"
"Mozambique","Cancer","0"
"Mozambique","Taurus","0"
"Mozambique","Gemini","0"
"Myanmar","Gemini","0"
"Myanmar","Leo","0"
"Myanmar","Sagittarius","0"
"Myanmar","Virgo","0"
"Myanmar","Capricorn","0"
"Myanmar","Taurus","0"
"Myanmar","Scorpio","0"
"Myanmar","Pisces","0"
"Myanmar","Aries","0"
"Myanmar","Aquarius","0"
"Myanmar","Libra","0"
"Myanmar","Cancer","0"
"Namibia","Libra","0"
"Namibia","Capricorn","0"
"Namibia","Gemini","0"
"Namibia","Leo","0"
"Namibia","Pisces","0"
"Namibia","Cancer","0"
"Namibia","Sagittarius","0"
"Namibia","Scorpio","0"
"Namibia","Aries","0"
"Namibia","Aquarius","0"
"Namibia","Taurus","0"
"Namibia","Virgo","0"
"Nauru","Scorpio","0"
"Nauru","Libra","0"
"Nauru","Cancer","0"
"Nauru","Capricorn","0"
"Nauru","Aquarius","0"
"Nauru","Taurus","0"
"Nauru","Leo","0"
"Nauru","Gemini","0"
"Nauru","Sagittarius","0"
"Nauru","Aries","0"
"Nauru","Virgo","0"
"Nauru","Pisces","0"
"Nepal","Gemini","0"
"Nepal","Taurus","0"
"Nepal","Cancer","0"
"Nepal","Aries","0"
"Nepal","Pisces","0"
"Nepal","Sagittarius","0"
"Nepal","Scorpio","0"
"Nepal","Leo","0"
"Nepal","Capricorn","0"
"Nepal","Libra","0"
"Nepal","Aquarius","0"
"Nepal","Virgo","0"
"Netherlands","Cancer","1"
"Netherlands","Pisces","2"
"Netherlands","Scorpio","2"
"Netherlands","Capricorn","0"
"Netherlands","Libra","3"
"Netherlands","Gemini","4"
"Netherlands","Aries","4"
"Netherlands","Sagittarius","3"
"Netherlands","Aquarius","0"
"Netherlands","Virgo","1"
"Netherlands","Leo","1"
"Netherlands","Taurus","2"
"Netherlands Antilles","Capricorn","0"
"Netherlands Antilles","Virgo","0"
"Netherlands Antilles","Pisces","0"
"Netherlands Antilles","Taurus","0"
"Netherlands Antilles","Sagittarius","0"
"Netherlands Antilles","Cancer","0"
"Netherlands Antilles","Libra","1"
"Netherlands Antilles","Leo","0"
"Netherlands Antilles","Scorpio","0"
"Netherlands Antilles","Gemini","0"
"Netherlands Antilles","Aries","0"
"Netherlands Antilles","Aquarius","0"
"New Caledonia","Taurus","0"
"New Caledonia","Sagittarius","0"
"New Caledonia","Libra","0"
"New Caledonia","Scorpio","0"
"New Caledonia","Pisces","0"
"New Caledonia","Leo","0"
"New Caledonia","Cancer","0"
"New Caledonia","Aquarius","0"
"New Caledonia","Virgo","0"
"New Caledonia","Gemini","0"
"New Caledonia","Aries","0"
"New Caledonia","Capricorn","0"
"New Zealand","Capricorn","0"
"New Zealand","Leo","0"
"New Zealand","Sagittarius","2"
"New Zealand","Libra","0"
"New Zealand","Gemini","1"
"New Zealand","Taurus","0"
"New Zealand","Aries","0"
"New Zealand","Scorpio","1"
"New Zealand","Pisces","0"
"New Zealand","Aquarius","2"
"New Zealand","Cancer","0"
"New Zealand","Virgo","0"
"Nicaragua","Taurus","0"
"Nicaragua","Aries","0"
"Nicaragua","Virgo","0"
"Nicaragua","Scorpio","0"
"Nicaragua","Leo","0"
"Nicaragua","Capricorn","0"
"Nicaragua","Sagittarius","0"
"Nicaragua","Pisces","0"
"Nicaragua","Gemini","1"
"Nicaragua","Cancer","0"
"Nicaragua","Libra","0"
"Nicaragua","Aquarius","0"
"Niger","Scorpio","0"
"Niger","Aquarius","0"
"Niger","Taurus","0"
"Niger","Leo","0"
"Niger","Virgo","0"
"Niger","Sagittarius","0"
"Niger","Cancer","0"
"Niger","Capricorn","0"
"Niger","Pisces","0"
"Niger","Libra","0"
"Niger","Aries","0"
"Niger","Gemini","0"
"Nigeria","Sagittarius","0"
"Nigeria","Pisces","0"
"Nigeria","Libra","0"
"Nigeria","Scorpio","0"
"Nigeria","Cancer","0"
"Nigeria","Aquarius","0"
"Nigeria","Leo","0"
"Nigeria","Gemini","0"
"Nigeria","Virgo","0"
"Nigeria","Aries","0"
"Nigeria","Capricorn","0"
"Nigeria","Taurus","0"
"Niue","Virgo","0"
"Niue","Aquarius","0"
"Niue","Libra","0"
"Niue","Capricorn","0"
"Niue","Leo","0"
"Niue","Scorpio","0"
"Niue","Sagittarius","0"
"Niue","Pisces","0"
"Niue","Aries","0"
"Niue","Cancer","0"
"Niue","Taurus","0"
"Niue","Gemini","0"
"Norfolk Island","Cancer","0"
"Norfolk Island","Aries","0"
"Norfolk Island","Leo","0"
"Norfolk Island","Virgo","0"
"Norfolk Island","Libra","0"
"Norfolk Island","Scorpio","0"
"Norfolk Island","Taurus","0"
"Norfolk Island","Sagittarius","0"
"Norfolk Island","Pisces","0"
"Norfolk Island","Capricorn","0"
"Norfolk Island","Aquarius","0"
"Norfolk Island","Gemini","0"
"North Korea","Gemini","0"
"North Korea","Aquarius","0"
"North Korea","Libra","0"
"North Korea","Pisces","0"
"North Korea","Capricorn","0"
"North Korea","Cancer","0"
"North Korea","Sagittarius","0"
"North Korea","Taurus","0"
"North Korea","Virgo","0"
"North Korea","Scorpio","0"
"North Korea","Aries","0"
"North Korea","Leo","0"
"Northern Mariana Islands","Scorpio","0"
"Northern Mariana Islands","Pisces","0"
"Northern Mariana Islands","Libra","0"
"Northern Mariana Islands","Virgo","0"
"Northern Mariana Islands","Aquarius","0"
"Northern Mariana Islands","Sagittarius","0"
"Northern Mariana Islands","Capricorn","0"
"Northern Mariana Islands","Cancer","0"
"Northern Mariana Islands","Aries","0"
"Northern Mariana Islands","Leo","0"
"Northern Mariana Islands","Taurus","1"
"Northern Mariana Islands","Gemini","0"
"Norway","Virgo","1"
"Norway","Taurus","3"
"Norway","Aquarius","2"
"Norway","Cancer","1"
"Norway","Libra","2"
"Norway","Capricorn","1"
"Norway","Aries","6"
"Norway","Leo","2"
"Norway","Gemini","1"
"Norway","Scorpio","2"
"Norway","Pisces","8"
"Norway","Sagittarius","6"
"Oman","Aquarius","0"
"Oman","Taurus","0"
"Oman","Scorpio","0"
"Oman","Gemini","0"
"Oman","Leo","0"
"Oman","Pisces","0"
"Oman","Aries","0"
"Oman","Virgo","0"
"Oman","Capricorn","0"
"Oman","Sagittarius","0"
"Oman","Libra","0"
"Oman","Cancer","0"
"Pakistan","Pisces","0"
"Pakistan","Virgo","0"
"Pakistan","Aquarius","0"
"Pakistan","Libra","0"
"Pakistan","Capricorn","0"
"Pakistan","Leo","0"
"Pakistan","Gemini","0"
"Pakistan","Taurus","0"
"Pakistan","Scorpio","0"
"Pakistan","Cancer","0"
"Pakistan","Sagittarius","0"
"Pakistan","Aries","0"
"Palau","Pisces","0"
"Palau","Gemini","0"
"Palau","Scorpio","0"
"Palau","Leo","0"
"Palau","Cancer","0"
"Palau","Virgo","0"
"Palau","Taurus","0"
"Palau","Libra","0"
"Palau","Capricorn","0"
"Palau","Aquarius","0"
"Palau","Sagittarius","0"
"Palau","Aries","0"
"Palestine","Scorpio","0"
"Palestine","Libra","0"
"Palestine","Capricorn","0"
"Palestine","Aries","0"
"Palestine","Aquarius","0"
"Palestine","Leo","0"
"Palestine","Taurus","0"
"Palestine","Gemini","0"
"Palestine","Cancer","0"
"Palestine","Sagittarius","0"
"Palestine","Virgo","0"
"Palestine","Pisces","0"
"Panama","Libra","0"
"Panama","Pisces","0"
"Panama","Aries","0"
"Panama","Aquarius","0"
"Panama","Virgo","0"
"Panama","Capricorn","0"
"Panama","Taurus","0"
"Panama","Cancer","0"
"Panama","Scorpio","0"
"Panama","Leo","0"
"Panama","Gemini","0"
"Panama","Sagittarius","0"
"Papua New Guinea","Sagittarius","0"
"Papua New Guinea","Scorpio","0"
"Papua New Guinea","Libra","0"
"Papua New Guinea","Leo","0"
"Papua New Guinea","Gemini","0"
"Papua New Guinea","Capricorn","0"
"Papua New Guinea","Virgo","0"
"Papua New Guinea","Pisces","0"
"Papua New Guinea","Cancer","0"
"Papua New Guinea","Aries","0"
"Papua New Guinea","Aquarius","0"
"Papua New Guinea","Taurus","0"
"Paraguay","Leo","0"
"Paraguay","Libra","0"
"Paraguay","Scorpio","0"
"Paraguay","Sagittarius","0"
"Paraguay","Pisces","0"
"Paraguay","Aquarius","0"
"Paraguay","Aries","0"
"Paraguay","Cancer","0"
"Paraguay","Virgo","0"
"Paraguay","Taurus","0"
"Paraguay","Gemini","0"
"Paraguay","Capricorn","0"
"Peru","Gemini","0"
"Peru","Pisces","2"
"Peru","Libra","0"
"Peru","Taurus","0"
"Peru","Sagittarius","2"
"Peru","Scorpio","1"
"Peru","Aries","0"
"Peru","Leo","0"
"Peru","Aquarius","0"
"Peru","Cancer","0"
"Peru","Virgo","0"
"Peru","Capricorn","0"
"Philippines","Sagittarius","0"
"Philippines","Virgo","0"
"Philippines","Gemini","0"
"Philippines","Aquarius","0"
"Philippines","Scorpio","0"
"Philippines","Capricorn","0"
"Philippines","Aries","0"
"Philippines","Taurus","0"
"Philippines","Leo","0"
"Philippines","Libra","0"
"Philippines","Cancer","0"
"Philippines","Pisces","0"
"Pitcairn Islands","Capricorn","0"
"Pitcairn Islands","Aries","0"
"Pitcairn Islands","Sagittarius","0"
"Pitcairn Islands","Taurus","0"
"Pitcairn Islands","Aquarius","0"
"Pitcairn Islands","Leo","0"
"Pitcairn Islands","Virgo","0"
"Pitcairn Islands","Scorpio","0"
"Pitcairn Islands","Pisces","0"
"Pitcairn Islands","Libra","0"
"Pitcairn Islands","Gemini","0"
"Pitcairn Islands","Cancer","0"
"Poland","Scorpio","1"
"Poland","Taurus","6"
"Poland","Gemini","6"
"Poland","Cancer","6"
"Poland","Virgo","3"
"Poland","Aries","2"
"Poland","Aquarius","7"
"Poland","Libra","5"
"Poland","Pisces","5"
"Poland","Capricorn","3"
"Poland","Sagittarius","2"
"Poland","Leo","4"
"Portugal","Aquarius","1"
"Portugal","Pisces","1"
"Portugal","Scorpio","0"
"Portugal","Capricorn","0"
"Portugal","Gemini","1"
"Portugal","Cancer","1"
"Portugal","Taurus","0"
"Portugal","Virgo","0"
"Portugal","Libra","1"
"Portugal","Leo","0"
"Portugal","Aries","2"
"Portugal","Sagittarius","1"
"Puerto Rico","Sagittarius","0"
"Puerto Rico","Aquarius","0"
"Puerto Rico","Virgo","0"
"Puerto Rico","Capricorn","0"
"Puerto Rico","Pisces","0"
"Puerto Rico","Taurus","0"
"Puerto Rico","Scorpio","0"
"Puerto Rico","Leo","0"
"Puerto Rico","Cancer","0"
"Puerto Rico","Gemini","0"
"Puerto Rico","Aries","0"
"Puerto Rico","Libra","0"
"Qatar","Gemini","0"
"Qatar","Capricorn","0"
"Qatar","Aquarius","0"
"Qatar","Libra","0"
"Qatar","Taurus","0"
"Qatar","Virgo","0"
"Qatar","Sagittarius","0"
"Qatar","Cancer","0"
"Qatar","Aries","0"
"Qatar","Scorpio","0"
"Qatar","Leo","0"
"Qatar","Pisces","0"
"Romania","Aries","0"
"Romania","Aquarius","0"
"Romania","Taurus","1"
"Romania","Leo","1"
"Romania","Libra","2"
"Romania","Pisces","0"
"Romania","Gemini","2"
"Romania","Capricorn","0"
"Romania","Sagittarius","0"
"Romania","Scorpio","0"
"Romania","Cancer","1"
"Romania","Virgo","1"
"Russia","Scorpio","0"
"Russia","Sagittarius","0"
"Russia","Capricorn","0"
"Russia","Pisces","0"
"Russia","Libra","0"
"Russia","Gemini","0"
"Russia","Aries","0"
"Russia","Aquarius","0"
"Russia","Cancer","0"
"Russia","Taurus","0"
"Russia","Virgo","0"
"Russia","Leo","0"
"Rwanda","Aries","0"
"Rwanda","Capricorn","0"
"Rwanda","Sagittarius","0"
"Rwanda","Gemini","0"
"Rwanda","Virgo","0"
"Rwanda","Taurus","0"
"Rwanda","Aquarius","0"
"Rwanda","Scorpio","0"
"Rwanda","Leo","0"
"Rwanda","Pisces","0"
"Rwanda","Cancer","0"
"Rwanda","Libra","0"
"Réunion","Sagittarius","0"
"Réunion","Gemini","0"
"Réunion","Leo","0"
"Réunion","Capricorn","0"
"Réunion","Libra","0"
"Réunion","Cancer","0"
"Réunion","Taurus","0"
"Réunion","Aries","0"
"Réunion","Virgo","0"
"Réunion","Aquarius","0"
"Réunion","Pisces","0"
"Réunion","Scorpio","0"
"Saint Barthélemy","Cancer","0"
"Saint Barthélemy","Virgo","0"
"Saint Barthélemy","Capricorn","0"
"Saint Barthélemy","Leo","0"
"Saint Barthélemy","Gemini","0"
"Saint Barthélemy","Libra","0"
"Saint Barthélemy","Scorpio","0"
"Saint Barthélemy","Sagittarius","0"
"Saint Barthélemy","Aquarius","0"
"Saint Barthélemy","Pisces","0"
"Saint Barthélemy","Taurus","0"
"Saint Barthélemy","Aries","0"
"Saint Kitts and Nevis","Capricorn","0"
"Saint Kitts and Nevis","Pisces","0"
"Saint Kitts and Nevis","Scorpio","0"
"Saint Kitts and Nevis","Cancer","0"
"Saint Kitts and Nevis","Virgo","0"
"Saint Kitts and Nevis","Gemini","0"
"Saint Kitts and Nevis","Aries","0"
"Saint Kitts and Nevis","Libra","0"
"Saint Kitts and Nevis","Aquarius","0"
"Saint Kitts and Nevis","Sagittarius","0"
"Saint Kitts and Nevis","Leo","0"
"Saint Kitts and Nevis","Taurus","0"
"Saint Lucia","Aries","0"
"Saint Lucia","Leo","0"
"Saint Lucia","Capricorn","0"
"Saint Lucia","Pisces","0"
"Saint Lucia","Cancer","0"
"Saint Lucia","Sagittarius","0"
"Saint Lucia","Aquarius","0"
"Saint Lucia","Taurus","0"
"Saint Lucia","Scorpio","0"
"Saint Lucia","Gemini","0"
"Saint Lucia","Libra","0"
"Saint Lucia","Virgo","0"
"Saint Martin (French part)","Virgo","0"
"Saint Martin (French part)","Gemini","0"
"Saint Martin (French part)","Libra","0"
"Saint Martin (French part)","Leo","0"
"Saint Martin (French part)","Aquarius","0"
"Saint Martin (French part)","Cancer","0"
"Saint Martin (French part)","Taurus","0"
"Saint Martin (French part)","Scorpio","0"
"Saint Martin (French part)","Sagittarius","0"
"Saint Martin (French part)","Capricorn","0"
"Saint Martin (French part)","Pisces","0"
"Saint Martin (French part)","Aries","0"
"Saint Pierre and Miquelon","Taurus","0"
"Saint Pierre and Miquelon","Libra","0"
"Saint Pierre and Miquelon","Cancer","0"
"Saint Pierre and Miquelon","Virgo","0"
"Saint Pierre and Miquelon","Aries","0"
"Saint Pierre and Miquelon","Aquarius","0"
"Saint Pierre and Miquelon","Capricorn","0"
"Saint Pierre and Miquelon","Pisces","0"
"Saint Pierre and Miquelon","Scorpio","0"
"Saint Pierre and Miquelon","Leo","0"
"Saint Pierre and Miquelon","Sagittarius","0"
"Saint Pierre and Miquelon","Gemini","0"
"Saint Vincent and the Grenadines","Scorpio","0"
"Saint Vincent and the Grenadines","Aquarius","0"
"Saint Vincent and the Grenadines","Capricorn","0"
"Saint Vincent and the Grenadines","Virgo","0"
"Saint Vincent and the Grenadines","Sagittarius","0"
"Saint Vincent and the Grenadines","Cancer","0"
"Saint Vincent and the Grenadines","Pisces","0"
"Saint Vincent and the Grenadines","Aries","0"
"Saint Vincent and the Grenadines","Libra","0"
"Saint Vincent and the Grenadines","Taurus","0"
"Saint Vincent and the Grenadines","Leo","0"
"Saint Vincent and the Grenadines","Gemini","0"
"Samoa","Sagittarius","0"
"Samoa","Taurus","0"
"Samoa","Libra","0"
"Samoa","Pisces","0"
"Samoa","Aries","0"
"Samoa","Virgo","0"
"Samoa","Capricorn","0"
"Samoa","Aquarius","0"
"Samoa","Gemini","0"
"Samoa","Cancer","0"
"Samoa","Scorpio","0"
"Samoa","Leo","0"
"San Marino","Virgo","0"
"San Marino","Taurus","0"
"San Marino","Leo","0"
"San Marino","Cancer","0"
"San Marino","Aries","0"
"San Marino","Libra","0"
"San Marino","Scorpio","0"
"San Marino","Sagittarius","0"
"San Marino","Aquarius","0"
"San Marino","Capricorn","0"
"San Marino","Gemini","0"
"San Marino","Pisces","0"
"Sao Tome and Principe","Gemini","0"
"Sao Tome and Principe","Taurus","0"
"Sao Tome and Principe","Cancer","0"
"Sao Tome and Principe","Aries","0"
"Sao Tome and Principe","Pisces","0"
"Sao Tome and Principe","Virgo","0"
"Sao Tome and Principe","Sagittarius","0"
"Sao Tome and Principe","Scorpio","0"
"Sao Tome and Principe","Leo","0"
"Sao Tome and Principe","Capricorn","0"
"Sao Tome and Principe","Libra","0"
"Sao Tome and Principe","Aquarius","0"
"Saudi Arabia","Cancer","0"
"Saudi Arabia","Libra","0"
"Saudi Arabia","Capricorn","0"
"Saudi Arabia","Pisces","0"
"Saudi Arabia","Taurus","0"
"Saudi Arabia","Aquarius","0"
"Saudi Arabia","Gemini","0"
"Saudi Arabia","Leo","0"
"Saudi Arabia","Sagittarius","0"
"Saudi Arabia","Virgo","0"
"Saudi Arabia","Scorpio","0"
"Saudi Arabia","Aries","0"
"Senegal","Gemini","0"
"Senegal","Leo","0"
"Senegal","Cancer","0"
"Senegal","Capricorn","0"
"Senegal","Taurus","0"
"Senegal","Aquarius","0"
"Senegal","Sagittarius","0"
"Senegal","Aries","0"
"Senegal","Scorpio","0"
"Senegal","Virgo","0"
"Senegal","Libra","0"
"Senegal","Pisces","0"
"Serbia","Taurus","0"
"Serbia","Gemini","1"
"Serbia","Cancer","0"
"Serbia","Aries","1"
"Serbia","Pisces","0"
"Serbia","Sagittarius","0"
"Serbia","Scorpio","1"
"Serbia","Leo","1"
"Serbia","Capricorn","0"
"Serbia","Libra","0"
"Serbia","Aquarius","0"
"Serbia","Virgo","0"
"Seychelles","Virgo","0"
"Seychelles","Gemini","0"
"Seychelles","Pisces","0"
"Seychelles","Taurus","0"
"Seychelles","Cancer","0"
"Seychelles","Aquarius","0"
"Seychelles","Leo","0"
"Seychelles","Capricorn","0"
"Seychelles","Libra","0"
"Seychelles","Sagittarius","0"
"Seychelles","Aries","0"
"Seychelles","Scorpio","0"
"Sierra Leone","Sagittarius","0"
"Sierra Leone","Leo","0"
"Sierra Leone","Virgo","0"
"Sierra Leone","Taurus","0"
"Sierra Leone","Aquarius","0"
"Sierra Leone","Cancer","0"
"Sierra Leone","Gemini","0"
"Sierra Leone","Aries","0"
"Sierra Leone","Capricorn","0"
"Sierra Leone","Pisces","0"
"Sierra Leone","Libra","0"
"Sierra Leone","Scorpio","0"
"Singapore","Gemini","0"
"Singapore","Sagittarius","0"
"Singapore","Leo","0"
"Singapore","Pisces","0"
"Singapore","Capricorn","1"
"Singapore","Aries","0"
"Singapore","Libra","0"
"Singapore","Cancer","0"
"Singapore","Aquarius","0"
"Singapore","Taurus","0"
"Singapore","Virgo","0"
"Singapore","Scorpio","0"
"Slovakia","Leo","0"
"Slovakia","Libra","1"
"Slovakia","Scorpio","0"
"Slovakia","Virgo","0"
"Slovakia","Sagittarius","0"
"Slovakia","Pisces","2"
"Slovakia","Aries","0"
"Slovakia","Cancer","0"
"Slovakia","Taurus","1"
"Slovakia","Aquarius","0"
"Slovakia","Gemini","0"
"Slovakia","Capricorn","0"
"Slovenia","Virgo","0"
"Slovenia","Aquarius","0"
"Slovenia","Libra","0"
"Slovenia","Capricorn","0"
"Slovenia","Leo","0"
"Slovenia","Scorpio","0"
"Slovenia","Sagittarius","0"
"Slovenia","Pisces","0"
"Slovenia","Aries","0"
"Slovenia","Cancer","0"
"Slovenia","Taurus","0"
"Slovenia","Gemini","2"
"Solomon Islands","Leo","0"
"Solomon Islands","Scorpio","0"
"Solomon Islands","Sagittarius","0"
"Solomon Islands","Cancer","0"
"Solomon Islands","Virgo","0"
"Solomon Islands","Taurus","0"
"Solomon Islands","Capricorn","0"
"Solomon Islands","Aquarius","0"
"Solomon Islands","Aries","0"
"Solomon Islands","Libra","0"
"Solomon Islands","Pisces","0"
"Solomon Islands","Gemini","0"
"Somalia","Aries","0"
"Somalia","Pisces","0"
"Somalia","Taurus","0"
"Somalia","Aquarius","0"
"Somalia","Sagittarius","0"
"Somalia","Capricorn","0"
"Somalia","Scorpio","0"
"Somalia","Libra","0"
"Somalia","Leo","0"
"Somalia","Gemini","0"
"Somalia","Virgo","0"
"Somalia","Cancer","0"
"South Africa","Aquarius","0"
"South Africa","Libra","0"
"South Africa","Capricorn","0"
"South Africa","Leo","0"
"South Africa","Scorpio","0"
"South Africa","Sagittarius","0"
"South Africa","Pisces","0"
"South Africa","Aries","0"
"South Africa","Cancer","0"
"South Africa","Taurus","0"
"South Africa","Gemini","0"
"South Africa","Virgo","0"
"South Georgia and the South Sandwich Islands","Taurus","0"
"South Georgia and the South Sandwich Islands","Leo","0"
"South Georgia and the South Sandwich Islands","Libra","0"
"South Georgia and the South Sandwich Islands","Sagittarius","0"
"South Georgia and the South Sandwich Islands","Capricorn","0"
"South Georgia and the South Sandwich Islands","Cancer","0"
"South Georgia and the South Sandwich Islands","Aries","0"
"South Georgia and the South Sandwich Islands","Scorpio","0"
"South Georgia and the South Sandwich Islands","Pisces","0"
"South Georgia and the South Sandwich Islands","Gemini","0"
"South Georgia and the South Sandwich Islands","Virgo","0"
"South Georgia and the South Sandwich Islands","Aquarius","0"
"South Korea","Gemini","0"
"South Korea","Cancer","0"
"South Korea","Aries","0"
"South Korea","Pisces","0"
"South Korea","Sagittarius","0"
"South Korea","Scorpio","0"
"South Korea","Virgo","0"
"South Korea","Leo","0"
"South Korea","Libra","0"
"South Korea","Capricorn","0"
"South Korea","Taurus","0"
"South Korea","Aquarius","0"
"Spain","Pisces","0"
"Spain","Gemini","4"
"Spain","Capricorn","0"
"Spain","Aquarius","1"
"Spain","Taurus","2"
"Spain","Cancer","1"
"Spain","Sagittarius","3"
"Spain","Libra","2"
"Spain","Virgo","1"
"Spain","Aries","1"
"Spain","Scorpio","2"
"Spain","Leo","0"
"Sri Lanka","Sagittarius","0"
"Sri Lanka","Aries","0"
"Sri Lanka","Libra","0"
"Sri Lanka","Aquarius","0"
"Sri Lanka","Cancer","0"
"Sri Lanka","Scorpio","0"
"Sri Lanka","Leo","0"
"Sri Lanka","Taurus","0"
"Sri Lanka","Capricorn","0"
"Sri Lanka","Gemini","0"
"Sri Lanka","Pisces","0"
"Sri Lanka","Virgo","0"
"Sudan","Sagittarius","0"
"Sudan","Pisces","0"
"Sudan","Scorpio","0"
"Sudan","Leo","0"
"Sudan","Capricorn","0"
"Sudan","Aries","0"
"Sudan","Libra","0"
"Sudan","Aquarius","0"
"Sudan","Cancer","0"
"Sudan","Virgo","0"
"Sudan","Taurus","0"
"Sudan","Gemini","0"
"Suriname","Leo","0"
"Suriname","Virgo","0"
"Suriname","Sagittarius","0"
"Suriname","Taurus","0"
"Suriname","Libra","0"
"Suriname","Aries","0"
"Suriname","Scorpio","0"
"Suriname","Gemini","0"
"Suriname","Aquarius","0"
"Suriname","Pisces","0"
"Suriname","Capricorn","0"
"Suriname","Cancer","0"
"Svalbard and Jan Mayen","Taurus","0"
"Svalbard and Jan Mayen","Libra","0"
"Svalbard and Jan Mayen","Gemini","0"
"Svalbard and Jan Mayen","Aquarius","0"
"Svalbard and Jan Mayen","Sagittarius","0"
"Svalbard and Jan Mayen","Leo","0"
"Svalbard and Jan Mayen","Virgo","0"
"Svalbard and Jan Mayen","Pisces","0"
"Svalbard and Jan Mayen","Aries","0"
"Svalbard and Jan Mayen","Cancer","0"
"Svalbard and Jan Mayen","Scorpio","0"
"Svalbard and Jan Mayen","Capricorn","0"
"Swaziland","Gemini","0"
"Swaziland","Taurus","0"
"Swaziland","Virgo","0"
"Swaziland","Sagittarius","0"
"Swaziland","Leo","0"
"Swaziland","Scorpio","0"
"Swaziland","Aries","0"
"Swaziland","Capricorn","0"
"Swaziland","Pisces","0"
"Swaziland","Libra","0"
"Swaziland","Cancer","0"
"Swaziland","Aquarius","0"
"Sweden","Gemini","3"
"Sweden","Taurus","3"
"Sweden","Cancer","1"
"Sweden","Aries","3"
"Sweden","Pisces","2"
"Sweden","Sagittarius","3"
"Sweden","Scorpio","1"
"Sweden","Leo","1"
"Sweden","Capricorn","2"
"Sweden","Libra","2"
"Sweden","Aquarius","2"
"Sweden","Virgo","1"
"Switzerland","Gemini","1"
"Switzerland","Leo","0"
"Switzerland","Scorpio","1"
"Switzerland","Taurus","0"
"Switzerland","Virgo","1"
"Switzerland","Cancer","0"
"Switzerland","Aquarius","0"
"Switzerland","Aries","0"
"Switzerland","Libra","0"
"Switzerland","Pisces","0"
"Switzerland","Capricorn","2"
"Switzerland","Sagittarius","0"
"Syria","Gemini","0"
"Syria","Taurus","0"
"Syria","Cancer","0"
"Syria","Aries","0"
"Syria","Pisces","0"
"Syria","Sagittarius","0"
"Syria","Scorpio","0"
"Syria","Leo","0"
"Syria","Capricorn","0"
"Syria","Libra","0"
"Syria","Aquarius","0"
"Syria","Virgo","0"
"Taiwan","Virgo","0"
"Taiwan","Aquarius","0"
"Taiwan","Libra","0"
"Taiwan","Capricorn","0"
"Taiwan","Leo","0"
"Taiwan","Scorpio","0"
"Taiwan","Sagittarius","0"
"Taiwan","Pisces","0"
"Taiwan","Aries","0"
"Taiwan","Cancer","0"
"Taiwan","Taurus","0"
"Taiwan","Gemini","0"
"Tajikistan","Libra","0"
"Tajikistan","Scorpio","0"
"Tajikistan","Pisces","0"
"Tajikistan","Leo","0"
"Tajikistan","Sagittarius","0"
"Tajikistan","Virgo","0"
"Tajikistan","Cancer","0"
"Tajikistan","Capricorn","0"
"Tajikistan","Aquarius","0"
"Tajikistan","Aries","0"
"Tajikistan","Taurus","0"
"Tajikistan","Gemini","0"
"Tanzania","Scorpio","0"
"Tanzania","Capricorn","0"
"Tanzania","Aries","0"
"Tanzania","Virgo","0"
"Tanzania","Taurus","0"
"Tanzania","Aquarius","0"
"Tanzania","Libra","0"
"Tanzania","Sagittarius","0"
"Tanzania","Leo","0"
"Tanzania","Cancer","0"
"Tanzania","Gemini","0"
"Tanzania","Pisces","0"
"Thailand","Capricorn","0"
"Thailand","Cancer","1"
"Thailand","Sagittarius","0"
"Thailand","Pisces","0"
"Thailand","Scorpio","0"
"Thailand","Virgo","0"
"Thailand","Aries","0"
"Thailand","Libra","0"
"Thailand","Taurus","0"
"Thailand","Leo","1"
"Thailand","Aquarius","1"
"Thailand","Gemini","0"
"Togo","Cancer","0"
"Togo","Gemini","0"
"Togo","Capricorn","0"
"Togo","Aries","0"
"Togo","Leo","0"
"Togo","Taurus","0"
"Togo","Libra","0"
"Togo","Pisces","0"
"Togo","Aquarius","0"
"Togo","Sagittarius","0"
"Togo","Scorpio","0"
"Togo","Virgo","0"
"Tokelau","Aries","0"
"Tokelau","Libra","0"
"Tokelau","Gemini","0"
"Tokelau","Pisces","0"
"Tokelau","Cancer","0"
"Tokelau","Aquarius","0"
"Tokelau","Leo","0"
"Tokelau","Scorpio","0"
"Tokelau","Taurus","0"
"Tokelau","Virgo","0"
"Tokelau","Sagittarius","0"
"Tokelau","Capricorn","0"
"Tonga","Cancer","0"
"Tonga","Scorpio","0"
"Tonga","Libra","0"
"Tonga","Leo","0"
"Tonga","Aquarius","0"
"Tonga","Gemini","0"
"Tonga","Sagittarius","0"
"Tonga","Aries","0"
"Tonga","Taurus","0"
"Tonga","Capricorn","0"
"Tonga","Pisces","0"
"Tonga","Virgo","0"
"Trinidad and Tobago","Sagittarius","1"
"Trinidad and Tobago","Pisces","1"
"Trinidad and Tobago","Aries","0"
"Trinidad and Tobago","Scorpio","0"
"Trinidad and Tobago","Taurus","0"
"Trinidad and Tobago","Libra","0"
"Trinidad and Tobago","Aquarius","0"
"Trinidad and Tobago","Leo","1"
"Trinidad and Tobago","Capricorn","1"
"Trinidad and Tobago","Virgo","0"
"Trinidad and Tobago","Gemini","0"
"Trinidad and Tobago","Cancer","0"
"Tunisia","Leo","0"
"Tunisia","Virgo","0"
"Tunisia","Scorpio","1"
"Tunisia","Libra","0"
"Tunisia","Pisces","0"
"Tunisia","Aquarius","0"
"Tunisia","Cancer","0"
"Tunisia","Taurus","0"
"Tunisia","Gemini","0"
"Tunisia","Capricorn","0"
"Tunisia","Aries","0"
"Tunisia","Sagittarius","0"
"Turkey","Taurus","3"
"Turkey","Scorpio","4"
"Turkey","Aries","4"
"Turkey","Capricorn","1"
"Turkey","Libra","3"
"Turkey","Virgo","1"
"Turkey","Gemini","3"
"Turkey","Aquarius","1"
"Turkey","Leo","1"
"Turkey","Pisces","2"
"Turkey","Sagittarius","4"
"Turkey","Cancer","1"
"Turkmenistan","Aries","0"
"Turkmenistan","Aquarius","0"
"Turkmenistan","Libra","0"
"Turkmenistan","Capricorn","0"
"Turkmenistan","Leo","0"
"Turkmenistan","Scorpio","0"
"Turkmenistan","Sagittarius","0"
"Turkmenistan","Virgo","0"
"Turkmenistan","Gemini","0"
"Turkmenistan","Pisces","0"
"Turkmenistan","Taurus","0"
"Turkmenistan","Cancer","0"
"Turks and Caicos Islands","Aquarius","0"
"Turks and Caicos Islands","Virgo","0"
"Turks and Caicos Islands","Sagittarius","0"
"Turks and Caicos Islands","Gemini","0"
"Turks and Caicos Islands","Scorpio","0"
"Turks and Caicos Islands","Pisces","0"
"Turks and Caicos Islands","Taurus","0"
"Turks and Caicos Islands","Aries","0"
"Turks and Caicos Islands","Libra","0"
"Turks and Caicos Islands","Cancer","0"
"Turks and Caicos Islands","Leo","0"
"Turks and Caicos Islands","Capricorn","0"
"Tuvalu","Scorpio","0"
"Tuvalu","Leo","0"
"Tuvalu","Sagittarius","0"
"Tuvalu","Capricorn","0"
"Tuvalu","Libra","0"
"Tuvalu","Pisces","0"
"Tuvalu","Aquarius","0"
"Tuvalu","Aries","0"
"Tuvalu","Virgo","0"
"Tuvalu","Cancer","0"
"Tuvalu","Taurus","0"
"Tuvalu","Gemini","0"
"Uganda","Pisces","0"
"Uganda","Gemini","0"
"Uganda","Leo","0"
"Uganda","Capricorn","0"
"Uganda","Taurus","0"
"Uganda","Virgo","0"
"Uganda","Libra","0"
"Uganda","Sagittarius","0"
"Uganda","Aries","0"
"Uganda","Scorpio","0"
"Uganda","Cancer","0"
"Uganda","Aquarius","0"
"Ukraine","Leo","0"
"Ukraine","Pisces","0"
"Ukraine","Gemini","0"
"Ukraine","Virgo","0"
"Ukraine","Cancer","0"
"Ukraine","Capricorn","0"
"Ukraine","Aquarius","0"
"Ukraine","Sagittarius","0"
"Ukraine","Aries","0"
"Ukraine","Libra","0"
"Ukraine","Taurus","0"
"Ukraine","Scorpio","0"
"United Arab Emirates","Gemini","0"
"United Arab Emirates","Taurus","0"
"United Arab Emirates","Aquarius","0"
"United Arab Emirates","Cancer","0"
"United Arab Emirates","Aries","0"
"United Arab Emirates","Pisces","0"
"United Arab Emirates","Sagittarius","0"
"United Arab Emirates","Scorpio","0"
"United Arab Emirates","Leo","0"
"United Arab Emirates","Capricorn","0"
"United Arab Emirates","Virgo","0"
"United Arab Emirates","Libra","0"
"United Kingdom","Gemini","15"
"United Kingdom","Aquarius","11"
"United Kingdom","Libra","11"
"United Kingdom","Capricorn","6"
"United Kingdom","Leo","9"
"United Kingdom","Scorpio","6"
"United Kingdom","Virgo","12"
"United Kingdom","Sagittarius","8"
"United Kingdom","Pisces","19"
"United Kingdom","Aries","11"
"United Kingdom","Cancer","10"
"United Kingdom","Taurus","8"
"United States Minor Outlying Islands","Taurus","0"
"United States Minor Outlying Islands","Aries","0"
"United States Minor Outlying Islands","Libra","0"
"United States Minor Outlying Islands","Leo","0"
"United States Minor Outlying Islands","Gemini","0"
"United States Minor Outlying Islands","Sagittarius","0"
"United States Minor Outlying Islands","Cancer","0"
"United States Minor Outlying Islands","Virgo","0"
"United States Minor Outlying Islands","Capricorn","0"
"United States Minor Outlying Islands","Aquarius","1"
"United States Minor Outlying Islands","Pisces","0"
"United States Minor Outlying Islands","Scorpio","0"
"United States Virgin Islands","Libra","0"
"United States Virgin Islands","Aries","0"
"United States Virgin Islands","Leo","0"
"United States Virgin Islands","Capricorn","0"
"United States Virgin Islands","Virgo","0"
"United States Virgin Islands","Cancer","0"
"United States Virgin Islands","Gemini","0"
"United States Virgin Islands","Aquarius","0"
"United States Virgin Islands","Pisces","0"
"United States Virgin Islands","Scorpio","0"
"United States Virgin Islands","Sagittarius","0"
"United States Virgin Islands","Taurus","0"
"United States of America","Sagittarius","0"
"United States of America","Gemini","0"
"United States of America","Capricorn","0"
"United States of America","Scorpio","0"
"United States of America","Aries","0"
"United States of America","Virgo","0"
"United States of America","Aquarius","0"
"United States of America","Leo","0"
"United States of America","Cancer","0"
"United States of America","Taurus","0"
"United States of America","Libra","0"
"United States of America","Pisces","0"
"Uruguay","Capricorn","0"
"Uruguay","Virgo","0"
"Uruguay","Pisces","0"
"Uruguay","Aries","0"
"Uruguay","Gemini","0"
"Uruguay","Leo","0"
"Uruguay","Taurus","0"
"Uruguay","Scorpio","0"
"Uruguay","Cancer","0"
"Uruguay","Libra","0"
"Uruguay","Sagittarius","0"
"Uruguay","Aquarius","0"
"Uzbekistan","Scorpio","0"
"Uzbekistan","Pisces","0"
"Uzbekistan","Leo","0"
"Uzbekistan","Capricorn","0"
"Uzbekistan","Aries","0"
"Uzbekistan","Libra","0"
"Uzbekistan","Aquarius","0"
"Uzbekistan","Cancer","0"
"Uzbekistan","Gemini","0"
"Uzbekistan","Taurus","0"
"Uzbekistan","Virgo","0"
"Uzbekistan","Sagittarius","0"
"Vanuatu","Cancer","0"
"Vanuatu","Pisces","0"
"Vanuatu","Aries","0"
"Vanuatu","Aquarius","0"
"Vanuatu","Gemini","0"
"Vanuatu","Taurus","0"
"Vanuatu","Sagittarius","0"
"Vanuatu","Capricorn","0"
"Vanuatu","Virgo","0"
"Vanuatu","Leo","0"
"Vanuatu","Libra","0"
"Vanuatu","Scorpio","0"
"Vatican City State","Virgo","0"
"Vatican City State","Aquarius","0"
"Vatican City State","Taurus","0"
"Vatican City State","Libra","0"
"Vatican City State","Capricorn","0"
"Vatican City State","Sagittarius","0"
"Vatican City State","Cancer","0"
"Vatican City State","Pisces","0"
"Vatican City State","Leo","0"
"Vatican City State","Aries","0"
"Vatican City State","Scorpio","0"
"Vatican City State","Gemini","0"
"Venezuela","Scorpio","0"
"Venezuela","Leo","2"
"Venezuela","Cancer","1"
"Venezuela","Taurus","0"
"Venezuela","Virgo","2"
"Venezuela","Sagittarius","1"
"Venezuela","Capricorn","0"
"Venezuela","Libra","0"
"Venezuela","Pisces","0"
"Venezuela","Aquarius","0"
"Venezuela","Gemini","0"
"Venezuela","Aries","0"
"Vietnam","Aries","0"
"Vietnam","Gemini","0"
"Vietnam","Leo","0"
"Vietnam","Aquarius","0"
"Vietnam","Pisces","0"
"Vietnam","Taurus","0"
"Vietnam","Libra","0"
"Vietnam","Virgo","0"
"Vietnam","Cancer","0"
"Vietnam","Sagittarius","0"
"Vietnam","Capricorn","0"
"Vietnam","Scorpio","0"
"Virgin Islands","Scorpio","0"
"Virgin Islands","Pisces","0"
"Virgin Islands","Leo","0"
"Virgin Islands","Aries","0"
"Virgin Islands","Cancer","0"
"Virgin Islands","Taurus","0"
"Virgin Islands","Capricorn","0"
"Virgin Islands","Gemini","0"
"Virgin Islands","Libra","0"
"Virgin Islands","Aquarius","0"
"Virgin Islands","Virgo","0"
"Virgin Islands","Sagittarius","0"
"Wallis and Futuna","Cancer","0"
"Wallis and Futuna","Pisces","0"
"Wallis and Futuna","Aquarius","0"
"Wallis and Futuna","Leo","0"
"Wallis and Futuna","Libra","0"
"Wallis and Futuna","Capricorn","0"
"Wallis and Futuna","Aries","0"
"Wallis and Futuna","Sagittarius","0"
"Wallis and Futuna","Gemini","0"
"Wallis and Futuna","Taurus","0"
"Wallis and Futuna","Virgo","0"
"Wallis and Futuna","Scorpio","0"
"Western Sahara","Sagittarius","0"
"Western Sahara","Scorpio","0"
"Western Sahara","Libra","0"
"Western Sahara","Gemini","0"
"Western Sahara","Cancer","0"
"Western Sahara","Virgo","0"
"Western Sahara","Leo","0"
"Western Sahara","Taurus","0"
"Western Sahara","Aquarius","0"
"Western Sahara","Pisces","0"
"Western Sahara","Capricorn","0"
"Western Sahara","Aries","0"
"Yemen","Capricorn","0"
"Yemen","Aquarius","0"
"Yemen","Taurus","0"
"Yemen","Aries","0"
"Yemen","Pisces","0"
"Yemen","Leo","0"
"Yemen","Scorpio","0"
"Yemen","Libra","0"
"Yemen","Cancer","0"
"Yemen","Gemini","0"
"Yemen","Sagittarius","0"
"Yemen","Virgo","0"
"Zambia","Scorpio","0"
"Zambia","Taurus","0"
"Zambia","Gemini","0"
"Zambia","Sagittarius","0"
"Zambia","Cancer","0"
"Zambia","Aries","0"
"Zambia","Pisces","0"
"Zambia","Leo","0"
"Zambia","Libra","0"
"Zambia","Virgo","0"
"Zambia","Capricorn","0"
"Zambia","Aquarius","0"
"Zimbabwe","Libra","0"
"Zimbabwe","Aquarius","0"
"Zimbabwe","Pisces","0"
"Zimbabwe","Leo","0"
"Zimbabwe","Cancer","0"
"Zimbabwe","Scorpio","0"
"Zimbabwe","Gemini","0"
"Zimbabwe","Virgo","1"
"Zimbabwe","Sagittarius","0"
"Zimbabwe","Taurus","0"
"Zimbabwe","Capricorn","0"
"Zimbabwe","Aries","0"
"Åland Islands","Gemini","0"
"Åland Islands","Aries","0"
"Åland Islands","Virgo","0"
"Åland Islands","Cancer","0"
"Åland Islands","Sagittarius","0"
"Åland Islands","Pisces","0"
"Åland Islands","Libra","0"
"Åland Islands","Taurus","0"
"Åland Islands","Scorpio","0"
"Åland Islands","Aquarius","0"
"Åland Islands","Leo","0"
"Åland Islands","Capricorn","0"
